Street code,Date ,Start Time,End Time,Temperature (°C),Cloud Cover code,Beaufort scale ,Day of Week ,Species ,Bird Scientific Name ,Behaviour,Time of Observation,Plant species,Scientific Name ,DBH,Notes
S02,15/05/2024,10:33,10:53,15,2,2,Wednesday ,HOSP,Passer domesticus,Vocalize ,10:43,Red Ash ,Fraxinus pennsylvanica,48,
S01,15/05/2024,11:01,11:21,15,2,2,Wednesday ,GCKI,Regulus satrapa,Sally,10:10,Silver maple,Acer saccharinum,80,"Sound ranged between 2-4, street cleaning passed by "
S01,15/05/2024,11:01,11:21,15,2,2,Wednesday ,GCKI,Regulus satrapa,Sally,10:10,Silver maple,Acer saccharinum,80,"Specific DBH not taken, looked at public tree inventory to see the sizes of this tree on the segment "
S01,15/05/2024,11:01,11:21,15,2,2,Wednesday ,HOFI,Haemorhous mexicanus,Perch,10:15,Silver maple,Acer saccharinum,80,
S01,15/05/2024,11:01,11:21,15,2,2,Wednesday ,HOFI,Haemorhous mexicanus,Perch,10:15,Silver maple,Acer saccharinum,80,
S01,15/05/2024,11:01,11:21,15,2,2,Wednesday ,AMRO,Turdus migratorius,Preen,10:20,Silver maple,Acer saccharinum,80,
S04,16/05/2024,9:14,9:34,13,3,3,Thursday,EUST,Sturnus vulgaris,Peck,9:14,Silver maple,Acer saccharinum,80,EUST nest in nearly every tree
S04,16/05/2024,9:14,9:34,13,3,3,Thursday,EUST,Sturnus vulgaris,Peck,9:15,Silver maple,Acer saccharinum,80,"Specific DBH not taken, looked at public tree inventory to see the sizes of this tree on the segment "
S04,16/05/2024,9:14,9:34,13,3,3,Thursday,EUST,Sturnus vulgaris,Peck,9:15,Silver maple,Acer saccharinum,80,
S04,16/05/2024,9:14,9:34,13,3,3,Thursday,EUST,Sturnus vulgaris,Feed young,9:16,Silver maple,Acer saccharinum,80,
S04,16/05/2024,9:14,9:34,13,3,3,Thursday,EUST,Sturnus vulgaris,Feed young,9:17,Silver maple,Acer saccharinum,80,
S04,16/05/2024,9:14,9:34,13,3,3,Thursday,HOSP,Passer domesticus,Vocalize ,9:20,Silver maple,Acer saccharinum,80,
S04,16/05/2024,9:14,9:34,13,3,3,Thursday,EUST,Sturnus vulgaris,Carry food,9:25,Silver maple,Acer saccharinum,80,
S04,16/05/2024,9:14,9:34,13,3,3,Thursday,HOSP,Passer domesticus,Vocalize ,9:26,Silver maple,Acer saccharinum,80,
S04,16/05/2024,9:14,9:34,13,3,3,Thursday,HOSP,Passer domesticus,Perch,9:28,Silver maple,Acer saccharinum,80,
S04,16/05/2024,9:14,9:34,13,3,3,Thursday,AMRO,Turdus migratorius,Vocalize ,9:30,Silver maple,Acer saccharinum,80,
S04,16/05/2024,9:14,9:34,13,3,2,Thursday,EUST,Sturnus vulgaris,Feed young,9:32,Silver maple,Acer saccharinum,80,
S04,16/05/2024,9:14,9:34,13,3,2,Thursday,HOSP,Passer domesticus,Perch,9:34,Silver maple,Acer saccharinum,80,
S13,17/05/2024,6:59,7:19,16,4,2,Friday,AMRO,Turdus migratorius,Vocalize ,7:00,Norway maple ,Acer platanoides,60,
S13,17/05/2024,6:59,7:19,16,4,2,Friday,AMRO ,Turdus migratorius,Gape ,7:05,Ground ,NA ,NA,
S13,17/05/2024,6:59,7:19,16,4,2,Friday,EUST,Sturnus vulgaris,Gape ,7:10,Ground ,NA ,NA,
S13,17/05/2024,6:59,7:19,16,4,2,Friday,HOSP,Passer domesticus,Glean,7:15,Common Hackberry,Celtis occidentalis,5,
S13,17/05/2024,6:59,7:19,16,4,2,Friday,NOCA,Cardinalis cardinalis,Perch,7:15,Common Hackberry,Celtis occidentalis,5,
S13,17/05/2024,6:59,7:19,16,4,2,Friday,EUST,Sturnus vulgaris,Gape ,7:19,Ground ,NA ,NA,
S06,17/05/2024,7:25,7:45,16,4,2,Friday,BCCH,Poecile atricapillus,Perch,7:40,Norway maple ,Acer platanoides,50,
S06,17/05/2024,7:25,7:45,16,4,2,Friday,AMRO,Turdus migratorius,Perch,7:40,European linden,Tilia × europaea,50,
S08,17/05/2024,8:14,8:34,16,4,2,Friday,LEFL,Empidonax minimus,Sally,8:24,Norway maple ,Acer platanoides,60,
S08,17/05/2024,8:14,8:34,16,4,2,Friday,HOSP,Passer domesticus,Peck ,8:26,Ground ,NA ,NA,
S08,17/05/2024,8:14,8:34,16,4,2,Friday,HOSP,Passer domesticus,Glean ,8:28,Norway maple ,Acer platanoides,60,
S08,17/05/2024,8:14,8:34,16,4,2,Friday,AMCR,Corvus brachyrhynchos,Attack squirrel ,8:30,Norway maple ,Acer platanoides,60,
S08,17/05/2024,8:14,8:34,16,4,2,Friday,HOSP,Passer domesticus,Perch,8:33,Norway maple ,Acer platanoides,60,
S03,17/05/2024,9:12,9:32,16,4,2,Friday,,,,,,,,"Busy street, daycare dropoff time"
S07,22/05/2024,7:04,7:24,19,1,1,Wednesday ,AMRO,Turdus migratorius,Gape,7:10,Ground,NA,NA,
S07,22/05/2024,7:04,7:24,19,1,1,Wednesday ,REVI,Vireo olivaceus,Vocalize,7:12,Silver maple,Acer saccharinum,80,
S07,22/05/2024,7:04,7:24,19,1,1,Wednesday ,EUST,Sturnus vulgaris,Bill wipe,7:15,Silver maple,Acer saccharinum,80,
S07,22/05/2024,7:04,7:24,19,1,1,Wednesday ,EUST,Sturnus vulgaris,Bill wipe,7:15,Silver maple,Acer saccharinum,80,
S07,22/05/2024,7:04,7:24,19,1,1,Wednesday ,EUST,Sturnus vulgaris,Feed young,7:17,Silver maple,Acer saccharinum,80,
S07,22/05/2024,7:04,7:24,19,1,1,Wednesday ,EUST,Sturnus vulgaris,Feed young,7:17,Silver maple,Acer saccharinum,80,
S07,22/05/2024,7:04,7:24,19,1,1,Wednesday ,EUST,Sturnus vulgaris,Gape,7:19,Ground,NA,NA,
S07,22/05/2024,7:04,7:24,19,1,1,Wednesday ,NOCA,Cardinalis cardinalis,Vocalize,7:20,Silver maple,Acer saccharinum,   ,
S07,22/05/2024,7:04,7:24,19,1,1,Wednesday ,EUST,Sturnus vulgaris,Feed young,7:22,Silver maple,Acer saccharinum,80,
S12,22/05/2024,7:47,8:07,19,1,1,Wednesday ,WBNU,Sita carolinensis,Peck,7:55,Silver maple,Acer saccharinum,80,
S12,22/05/2024,7:47,8:07,19,1,1,Wednesday ,EUST,Sturnus vulgaris,Bill wipe,7:57,Silver maple,Acer saccharinum,80,
S12,22/05/2024,7:47,8:07,19,1,1,Wednesday ,AMRO,Turdus migratorius,Gape,8:00,Silver maple,Acer saccharinum,80,
S12,22/05/2024,7:47,8:07,19,1,1,Wednesday ,AMRO,Turdus migratorius,Gape,8:05,Silver maple,Acer saccharinum,80,
S15,22/05/2024,8:35,8:55,19,1,1,Wednesday ,,,,,,,,"Only 1 street tree, construction & street cleaning passing by, YEWA and AMRE heard across the street, lots ot CHSW above, Benny Crescent may be better"
S16,24/05/2024,6:44,7:04,16,2,4,Friday,AMGO,Spinus tristis,Vocalize,6:44,Norway maple,Acer platanoides,35,"Windy, saw BEKI flying around"
S05,24/05/2024,7:27,7:48,17,4,4,Friday,HOSP,Passer domesticus,Vocalize,7:27,Norway maple,Acer platanoides,25,
S05,24/05/2024,7:27,7:48,17,4,4,Friday,HOSP,Passer domesticus,Vocalize,7:27,Norway maple,Acer platanoides,20,
S05,24/05/2024,7:27,7:48,17,4,4,Friday,HOSP,Passer domesticus,Perch,7:30,Norway maple,Acer platanoides,20,
S05,24/05/2024,7:27,7:48,17,4,4,Friday,CHSP,Spizella passerina,Vocalize,7:34,Norway maple,Acer platanoides,20,
S05,24/05/2024,7:27,7:48,17,4,4,Friday,CHSP,Spizella passerina,Carry nesting material,7:37,Norway maple,Acer platanoides,20,
S05,24/05/2024,7:27,7:48,17,4,4,Friday,CHSP,Spizella passerina,Perch,7:37,Norway maple,Acer platanoides,20,
S05,24/05/2024,7:27,7:48,17,4,4,Friday,HOSP,Passer domesticus,Vocalize,7:44,Norway maple,Acer platanoides,20,
S05,24/05/2024,7:27,7:48,17,4,4,Friday,HOSP,Passer domesticus,Vocalize,7:48,Norway maple,Acer platanoides,20,
S11,24/05/2024,8:11,8:31,17,4,4,Friday,CHSP,Spizella passerina,Perch,8:17,American elm,Ulmus americana,50,"Very windy, light rain just before survey"
S11,24/05/2024,8:11,8:31,17,4,4,Friday,CHSP,Spizella passerina,Perch,8:17,American elm,Ulmus americana,50,
S10,24/05/2024,8:41,9:01,17,1,4,Friday,HOSP,Passer domesticus,Hop,8:47,Ground,NA,NA,
S10,24/05/2024,8:41,9:01,17,1,4,Friday,HOSP,Passer domesticus,Hop,8:53,Ground,NA,NA,
S10,24/05/2024,8:41,9:01,17,1,4,Friday,HOSP,Passer domesticus,Glean,8:54,Common lilac,Syringa vulgaris,5,Picture with bush***
S10,24/05/2024,8:41,9:01,17,1,4,Friday,HOSP,Passer domesticus,Perch,8:54,Sugar maple,Acer saccharum,25,
S10,24/05/2024,8:41,9:01,17,1,4,Friday,HOSP,Passer domesticus,Carry nesting material,8:58,Ground,NA,NA,
S10,24/05/2024,8:41,9:01,17,1,4,Friday,HOSP,Passer domesticus,Perch,9:01,Sugar maple,Acer saccharum,5,
S10,24/05/2024,8:41,9:01,17,1,4,Friday,HOSP,Passer domesticus,Perch,9:01,Sugar maple,Acer saccharum,5,
S10,24/05/2024,8:41,9:01,17,1,4,Friday,HOSP,Passer domesticus,Perch,9:01,Sugar maple,Acer saccharum,5,
S10,24/05/2024,8:41,9:01,17,1,4,Friday,HOSP,Passer domesticus,Forage,9:01,Ground,NA,NA,
S09,24/05/2024,9:18,9:38,17,1,4,Friday,HOSP,Passer domesticus,Vocalize,9:24,Red ash,Fraxinus pennsylvanica,50,YEWA heard near train tracks
S09,24/05/2024,9:18,9:38,17,1,4,Friday,HOSP,Passer domesticus,Preen,9:26,Red ash,Fraxinus pennsylvanica,40,
S09,24/05/2024,9:18,9:38,17,1,4,Friday,CHSP,Spizella passerina,Perch,9:26,Red ash,Fraxinus pennsylvanica,40,
S09,24/05/2024,9:18,9:38,17,1,4,Friday,HOSP,Passer domesticus,Perch,9:28,Red ash,Fraxinus pennsylvanica,40,
S09,24/05/2024,9:18,9:38,17,1,4,Friday,HOSP,Passer domesticus,Bill wipe,9:28,Northern acclaim honeylocust ,Gleditsia triacanthos 'Harve',5,
S09,24/05/2024,9:18,9:38,17,1,4,Friday,HOSP,Passer domesticus,Perch,9:30,Northern acclaim honeylocust ,Gleditsia triacanthos 'Harve',5,
S09,24/05/2024,9:18,9:38,17,1,4,Friday,HOSP,Passer domesticus,Collect nesting material,9:31,Ground,NA,NA,
S09,24/05/2024,9:18,9:38,17,1,4,Friday,HOSP,Passer domesticus,Collect nesting material,9:31,Ground,NA,NA,
S09,24/05/2024,9:18,9:38,17,1,4,Friday,HOSP,Passer domesticus,Collect nesting material,9:31,Ground,NA,NA,
S09,24/05/2024,9:18,9:38,17,1,4,Friday,HOSP,Passer domesticus,Hop,9:31,Red ash,Fraxinus pennsylvanica,40,
S09,24/05/2024,9:18,9:38,17,1,4,Friday,HOSP,Passer domesticus,Vocalize,9:32,Red ash,Fraxinus pennsylvanica,30,
S09,24/05/2024,9:18,9:38,17,1,4,Friday,HOSP,Passer domesticus,Collect nesting material,9:32,Red ash,Fraxinus pennsylvanica,30,
S09,24/05/2024,9:18,9:38,17,1,4,Friday,HOSP,Passer domesticus,Carry nesting material,9:34,Ground,NA,5,
S09,24/05/2024,9:18,9:38,17,1,4,Friday,HOSP,Passer domesticus,Preen,9:34,Red ash,Fraxinus pennsylvanica,30,
S09,24/05/2024,9:18,9:38,17,1,4,Friday,HOSP,Passer domesticus,Perch,9:38,Common hackberry,Celtis occidentalis,5,
S09,24/05/2024,9:18,9:38,17,1,4,Friday,HOSP,Passer domesticus,Vocalize,9:38,Common hackberry,Celtis occidentalis,5,
S09,24/05/2024,9:18,9:38,17,1,4,Friday,HOSP,Passer domesticus,Bill wipe,9:38,Common hackberry,Celtis occidentalis,5,
S21,28/05/2024,8:29,8:49,18,4,4,Tuesday,WBNU,Sita carolinensis,Peck,8:38,Silver maple,Acer saccharinum,85,Large tree farthest from the intersection
S21,28/05/2024,8:29,8:49,18,4,4,Tuesday,HOSP,Passer domesticus,Bill wipe,8:46,Silver maple,Acer saccharinum,66,"Young, round tree in the middle of the transect"
S21,28/05/2024,8:29,8:49,18,4,4,Tuesday,HOSP,Passer domesticus,Vocalize,8:46,Silver maple,Acer saccharinum,66,
S21,28/05/2024,8:29,8:49,18,4,4,Tuesday,AMRO,Turdus migratorius,Vocalize,8:48,Kentucky coffeetree,Gymnocladus dioicus,7,Windy. Heard REVI and CEDW flock vocalizations
S19,28/05/2024,9:03,9:23,17,4,4,Tuesday,,,,,,,,Windy.
S15,29/05/2024,7:54,8:14,13,1,2,Wednesday ,EUST,Sturnus vulgaris,Gape,7:58,Ground,NA,NA,Construction
S15,29/05/2024,7:54,8:14,13,1,2,Wednesday ,EUST,Sturnus vulgaris,Gape,7:58,Ground,NA,NA,
S15,29/05/2024,7:54,8:14,13,1,2,Wednesday ,HOSP,Passer domesticus,Perch,7:59,European linden,Tilia × europaea,54,
S15,29/05/2024,7:54,8:14,13,1,2,Wednesday ,HOSP,Passer domesticus,Peck,7:59,Ground,NA,NA,
S15,29/05/2024,7:54,8:14,13,1,2,Wednesday ,HOSP,Passer domesticus,Perch,8:00,Silver maple,Acer saccharinum,4,
S15,29/05/2024,7:54,8:14,13,1,2,Wednesday ,HOSP,Passer domesticus,Perch,8:01,Common hackberry,Celtis occidentalis,16,
S15,29/05/2024,7:54,8:14,13,1,2,Wednesday ,HOSP,Passer domesticus,Peck,8:01,Ground,NA,NA,
S15,29/05/2024,7:54,8:14,13,1,2,Wednesday ,HOSP,Passer domesticus,Perch,8:01,Common hackberry,Celtis occidentalis,16,
S15,29/05/2024,7:54,8:14,13,1,2,Wednesday ,HOSP,Passer domesticus,Peck,8:01,Ground,NA,NA,
S15,29/05/2024,7:54,8:14,13,1,2,Wednesday ,HOSP,Passer domesticus,Peck,8:05,Ground,NA,NA,
S15,29/05/2024,7:54,8:14,13,1,2,Wednesday ,HOSP,Passer domesticus,Peck,8:05,Ground,NA,NA,
S14,29/05/2024,8:41,9:01,13,1,2,Wednesday ,HOSP,Passer domesticus,Perch,8:46,European linden,Tilia x europaea,61,"TUVU, garbage truck, 2 cats, wrong side of street at start."
S14,29/05/2024,8:41,9:01,13,1,2,Wednesday ,CHSP,Spizella passerina,Vocalize,8:57,Blue spruce,Picea pungens,44,
S18,29/05/2024,9:20,9:40,13,1,2,Wednesday ,CHSP,Spizella passerina,Vocalize,9:24,White spruce,Picea glauca,20,"Moved street segment away from intersection due to lack of trees. Heard REVI, BHVI, and HOFI among many others. Freeze throw a couple years ago, had to cut down lots of big maples due to cracks down their middles. Make it out here at 6am. Possible ARU location."
S18,29/05/2024,9:20,9:40,13,1,2,Wednesday ,YBFL,Empidonax flaviventris,Vocalize,9:31,White spruce,Picea glauca,20,
S18,29/05/2024,9:20,9:40,13,1,2,Wednesday ,YBFL,Empidonax flaviventris,Sally,9:31,Norway maple,Acer platanoides,76,
S18,29/05/2024,9:20,9:40,13,1,2,Wednesday ,HOSP,Passer domesticus,Glean,9:37,White spruce,Picea glauca,20,
S18,29/05/2024,9:20,9:40,13,1,2,Wednesday ,CHSP,Spizella passerina,Glean,9:40,White spruce,Picea glauca,20,
S18,29/05/2024,9:20,9:40,13,1,2,Wednesday ,CHSP,Spizella passerina,Vocalize,9:40,Norway maple,Acer platanoides,76,
S18,29/05/2024,9:20,9:40,13,1,2,Wednesday ,CHSP,Spizella passerina,Glean,9:40,White spruce,Picea glauca,20,
S18,29/05/2024,9:20,9:40,13,1,2,Wednesday ,CHSP,Spizella passerina,Vocalize,9:40,White spruce,Picea glauca,20,
S18,29/05/2024,9:20,9:40,13,1,2,Wednesday ,CHSP,Spizella passerina,Vocalize,9:40,Norway maple,Acer platanoides,76,
S18,29/05/2024,9:20,9:40,13,1,2,Wednesday ,HOSP,Passer domesticus,Glean,9:40,White spruce,Picea glauca,20,
S18,29/05/2024,9:20,9:40,13,1,2,Wednesday ,HOSP,Passer domesticus,Glean,9:40,White spruce,Picea glauca,20,
S01,30/05/2024,7:03,7:23,11,1,1,Thursday,AMGO,Spinus tristis,Glean,7:14,Silver maple,Acer saccharinum,72,Construction noise. BLPW heard. 
S01,30/05/2024,7:03,7:23,11,1,1,Thursday,AMGO,Spinus tristis,Glean,7:14,White spruce ,Picea glauca,59,
S01,30/05/2024,7:03,7:23,11,1,1,Thursday,AMGO,Spinus tristis,Perch,7:14,White spruce ,Picea glauca,59,
S01,30/05/2024,7:03,7:23,11,1,1,Thursday,CHSP,Spizella passerina,Vocalize,7:19,White spruce,Picea glauca,59,
S02,30/05/2024,7:40,8:00,11,1,1,Thursday,HOSP,Passer domesticus,Vocalize,7:49,Honey locust,Gleditsia triacanthos,5,"CEDW flock overhead, BLPW heard. "
S02,30/05/2024,7:40,8:00,11,1,1,Thursday,HOSP,Passer domesticus,Hop,7:50,Ground,NA,NA,
S02,30/05/2024,7:40,8:00,11,1,1,Thursday,BCCH,Poecile atricapillus,Glean,7:56,Red ash,Fraxinus pensylvannica ,50,
S02,30/05/2024,7:40,8:00,11,1,1,Thursday,AMRO,Turdus migratorius,Perch,8:00,Red oak,Quercus rubra,23,
S02,30/05/2024,7:40,8:00,11,1,1,Thursday,HOSP,Passer domesticus,Perch,8:00,Red oak,Quercus rubra,23,
S06,31/05/2024,9:03,9:23,15,1,2,Friday,HOSP,Passer domesticus,Peck,9:03,Ground,NA,NA,
S06,31/05/2024,9:03,9:23,15,1,2,Friday,HOSP,Passer domesticus,Peck,9:04,Ground,NA,NA,
S06,31/05/2024,9:03,9:23,15,1,2,Friday,HOSP,Passer domesticus,Peck,9:04,Ground,NA,NA,
S06,31/05/2024,9:03,9:23,15,1,2,Friday,HOSP,Passer domesticus,Peck,9:06,Ground,NA,NA,
S06,31/05/2024,9:03,9:23,15,1,2,Friday,HOSP,Passer domesticus,Peck,9:06,Ground,NA,NA,
S06,31/05/2024,9:03,9:23,15,1,2,Friday,NOCA,Cardinalis cardinalis ,Perch,9:12,Common hackberry,Celtis occidentalis,25,Male NOCA
S06,31/05/2024,9:03,9:23,15,1,2,Friday,NOCA,Cardinalis cardinalis ,Perch,9:12,Common hackberry,Celtis occidentalis,25,Female NOCA
S06,31/05/2024,9:03,9:23,15,1,2,Friday,NOCA,Cardinalis cardinalis ,Peck,9:12,Ground,NA,NA,
S06,31/05/2024,9:03,9:23,15,1,2,Friday,NOCA,Cardinalis cardinalis ,Peck,9:12,Ground,NA,NA,
S06,31/05/2024,9:03,9:23,15,1,2,Friday,HOSP,Passer domesticus,Bill wipe,9:13,Common hackberry,Celtis occidentalis,25,
S06,31/05/2024,9:03,9:23,15,1,2,Friday,NOCA,Cardinalis cardinalis ,Hop,9:22,Common hackberry,Celtis occidentalis,25,
S13,31/05/2024,10:04,10:24,19,1,2,Friday,,,,,,,,Very quiet
S10,03/06/2024,7:20,7:40,21,1,2,Monday,HOSP,Passer domesticus,Peck,7:21,Silver maple,Acer saccharinum,105,"Many, many squirrels on this street. 3 cats. BCCH on Sugar maple after survey. "
S10,03/06/2024,7:20,7:40,21,1,2,Monday,HOSP,Passer domesticus,Peck,7:23,Silver maple,Acer saccharinum,105,
S10,03/06/2024,7:20,7:40,21,1,2,Monday,HOSP,Passer domesticus,Peck,7:25,Silver maple,Acer saccharinum,105,
S10,03/06/2024,7:20,7:40,21,1,2,Monday,HOSP,Passer domesticus,Vocalize,7:25,Silver maple,Acer saccharinum,105,
S10,03/06/2024,7:20,7:40,21,1,2,Monday,HOSP,Passer domesticus,Feed young,7:25,Sugar maple,Acer saccharum,4,
S10,03/06/2024,7:20,7:40,21,1,2,Monday,HOSP,Passer domesticus,Feed young,7:25,Sugar maple,Acer saccharum,4,
S10,03/06/2024,7:20,7:40,21,1,2,Monday,HOSP,Passer domesticus,Perch,7:25,Sugar maple,Acer saccharum,4,
S10,03/06/2024,7:20,7:40,21,1,2,Monday,HOSP,Passer domesticus,Perch,7:27,Sugar maple,Acer saccharum,4,
S10,03/06/2024,7:20,7:40,21,1,2,Monday,HOSP,Passer domesticus,Perch,7:28,Sugar maple,Acer saccharum,4,
S10,03/06/2024,7:20,7:40,21,1,2,Monday,HOSP,Passer domesticus,Perch,7:33,Silver maple,Acer saccharinum,105,
S10,03/06/2024,7:20,7:40,21,1,2,Monday,HOSP,Passer domesticus,Perch,7:33,Silver maple,Acer saccharinum,105,
S10,03/06/2024,7:20,7:40,21,1,2,Monday,HOSP,Passer domesticus,Bill wipe,7:34,Silver maple,Acer saccharinum,105,
S10,03/06/2024,7:20,7:40,21,1,2,Monday,HOSP,Passer domesticus,Vocalize,7:37,Norway maple,Acer platanoides,40,
S10,03/06/2024,7:20,7:40,21,1,2,Monday,HOSP,Passer domesticus,Perch,7:39,Sugar maple,Acer saccharum,40,
S10,03/06/2024,7:20,7:40,21,1,2,Monday,HOSP,Passer domesticus,Vocalize,7:39,Sugar maple,Acer saccharum,40,
S10,03/06/2024,7:20,7:40,21,1,2,Monday,HOSP,Passer domesticus,Peck,7:40,Ground,NA,NA,
S09,03/06/2024,8:22,8:42,21,1,2,Monday,AMRO,Turdus migratorius,Hop,8:22,Ground,NA,NA,YEWA head from train tracks. CHSW flying through the canopy of the Red ash (DBH = 80).
S09,03/06/2024,8:22,8:42,21,1,2,Monday,HOSP,Passer domesticus,Vocalize,8:25,Common hackberry,Celtis occidentalis,4,
S09,03/06/2024,8:22,8:42,21,1,2,Monday,AMRO,Turdus migratorius,Vocalize,8:29,Red ash,Fraxinus pensylvannica ,80,* second to last on street
S09,03/06/2024,8:22,8:42,21,1,2,Monday,HOSP,Passer domesticus,Vocalize,8:30,Red ash,Fraxinus pensylvannica ,45,* last tree on street
S09,03/06/2024,8:22,8:42,21,1,2,Monday,HOSP,Passer domesticus,Peck,8:31,Red ash,Fraxinus pensylvannica ,80,* second to last on street
S09,03/06/2024,8:22,8:42,21,1,2,Monday,HOSP,Passer domesticus,Vocalize,8:32,Red ash,Fraxinus pensylvannica ,80,* second to last on street
S09,03/06/2024,8:22,8:42,21,1,2,Monday,HOSP,Passer domesticus,Peck,8:33,Red ash,Fraxinus pensylvannica ,80,* second to last on street
S09,03/06/2024,8:22,8:42,21,1,2,Monday,HOSP,Passer domesticus,Reach,8:33,Red ash,Fraxinus pensylvannica ,80,
S09,03/06/2024,8:22,8:42,21,1,2,Monday,HOSP,Passer domesticus,Vocalize,8:33,Red ash,Fraxinus pensylvannica ,80,
S09,03/06/2024,8:22,8:42,21,1,2,Monday,HOSP,Passer domesticus,Peck,8:37,Red ash,Fraxinus pensylvannica ,36,
S15,03/06/2024,9:19,9:39,22,1,2,Monday,HOSP,Passer domesticus,Vocalize,9:32,European linden,Tilia × europaea,50,* second to last tree in crescent
S15,03/06/2024,9:19,9:39,22,1,2,Monday,HOSP,Passer domesticus,Perch,9:33,Red ash,Fraxinus pensylvannica ,24,"* double check tree, checked - part of inventory"
S15,03/06/2024,9:19,9:39,22,1,2,Monday,EUST,Sturnus vulgaris,Gape,9:35,Ground,NA,NA,ROPI on balcony. CHSW flying low. Female NOCA foraging on ground. Possible hawk (RTHA) flyover at 9:25. 
S15,03/06/2024,9:19,9:39,22,1,2,Monday,EUST,Sturnus vulgaris,Beg,9:37,Ground,NA,NA,
S07,03/06/2024,9:54,10:14,22,1,2,Monday,EUST,Sturnus vulgaris,Gape,9:56,Ground,NA,NA,REVI and NOCA heard vocalizing
S07,03/06/2024,9:54,10:14,22,1,2,Monday,EUST,Sturnus vulgaris,Gape,9:56,Ground,NA,NA,
S07,03/06/2024,9:54,10:14,22,1,2,Monday,AMRO,Turdus migratorius,Perch,9:57,Silver maple,Acer saccharinum,25,
S07,03/06/2024,9:54,10:14,22,1,2,Monday,AMRO,Turdus migratorius,Preen,9:57,Silver maple,Acer saccharinum,25,
S07,03/06/2024,9:54,10:14,22,1,2,Monday,AMRO,Turdus migratorius,Peck,9:57,Silver maple,Acer saccharinum,25,
S07,03/06/2024,9:54,10:14,22,1,2,Monday,AMRO,Turdus migratorius,Perch,9:57,Silver maple,Acer saccharinum,25,
S07,03/06/2024,9:54,10:14,22,1,2,Monday,AMRO,Turdus migratorius,Preen,9:57,Silver maple,Acer saccharinum,25,
S07,03/06/2024,9:54,10:14,22,1,2,Monday,AMRO,Turdus migratorius,Peck,9:57,Silver maple,Acer saccharinum,25,
S07,03/06/2024,9:54,10:14,22,1,2,Monday,NOCA,Cardinalis cardinalis ,Perch,10:00,Silver maple,Acer saccharinum,89,
S07,03/06/2024,9:54,10:14,22,1,2,Monday,EUST,Sturnus vulgaris,Gape,10:03,Ground,NA,NA,
S07,03/06/2024,9:54,10:14,22,1,2,Monday,EUST,Sturnus vulgaris,Perch,10:04,Silver maple,Acer saccharinum,106,Nest in cavity
S07,03/06/2024,9:54,10:14,22,1,2,Monday,EUST,Sturnus vulgaris,Preen,10:04,Silver maple,Acer saccharinum,106,
S07,03/06/2024,9:54,10:14,22,1,2,Monday,EUST,Sturnus vulgaris,Feed young,10:08,Silver maple,Acer saccharinum,106,
S07,03/06/2024,9:54,10:14,22,1,2,Monday,EUST,Sturnus vulgaris,Perch,10:10,Silver maple,Acer saccharinum,106,
S19,04/06/2024,7:21,7:41,18,1,2,Tuesday,HOSP,Passer domesticus,Perch,7:26,Norway maple,Acer platanoides,50,"BLJA X2, NOCA, AMRO on silver maple across the street"
S08,04/06/2024,8:15,8:35,18,1,2,Tuesday,EUST,Sturnus vulgaris,Gape,8:16,Ground,NA,NA,AMRO and NOCA heard vocalizing.
S08,04/06/2024,8:15,8:35,18,1,2,Tuesday,EUST,Sturnus vulgaris,Gape,8:16,Ground,NA,NA,
S08,04/06/2024,8:15,8:35,18,1,2,Tuesday,EUST,Sturnus vulgaris,Gape,8:16,Ground,NA,NA,
S08,04/06/2024,8:15,8:35,18,1,2,Tuesday,EUST,Sturnus vulgaris,Hop,8:17,Ground,NA,NA,
S08,04/06/2024,8:15,8:35,18,1,2,Tuesday,AMCR,Corvus brachyrhynchos,Preen,8:17,Norway maple,Acer platanoides,70,
S08,04/06/2024,8:15,8:35,18,1,2,Tuesday,AMCR,Corvus brachyrhynchos,Perch,8:17,Norway maple,Acer platanoides,70,
S08,04/06/2024,8:15,8:35,18,1,2,Tuesday,AMCR,Corvus brachyrhynchos,Vocalize,8:17,Norway maple,Acer platanoides,70,
S08,04/06/2024,8:15,8:35,18,1,2,Tuesday,EUST,Sturnus vulgaris,Perch,8:18,Norway maple,Acer platanoides,70,
S08,04/06/2024,8:15,8:35,18,1,2,Tuesday,EUST,Sturnus vulgaris,Perch,8:18,Norway maple,Acer platanoides,70,
S08,04/06/2024,8:15,8:35,18,1,2,Tuesday,EUST,Sturnus vulgaris,Perch,8:18,Norway maple,Acer platanoides,70,
S08,04/06/2024,8:15,8:35,18,1,2,Tuesday,EUST,Sturnus vulgaris,Perch,8:18,Norway maple,Acer platanoides,70,
S08,04/06/2024,8:15,8:35,18,1,2,Tuesday,AMCR,Corvus brachyrhynchos,Preen,8:20,Norway maple,Acer platanoides,70,
S08,04/06/2024,8:15,8:35,18,1,2,Tuesday,HOSP,Passer domesticus,Perch,8:25,Norway maple,Acer platanoides,70,
S08,04/06/2024,8:15,8:35,18,1,2,Tuesday,EUST,Sturnus vulgaris,Vocalize,8:29,Norway maple,Acer platanoides,70,
S08,04/06/2024,8:15,8:35,18,1,2,Tuesday,EUST,Sturnus vulgaris,Perch,8:29,Norway maple,Acer platanoides,70,
S08,04/06/2024,8:15,8:35,18,1,2,Tuesday,EUST,Sturnus vulgaris,Perch,8:29,Norway maple,Acer platanoides,70,
S08,04/06/2024,8:15,8:35,18,1,2,Tuesday,EUST,Sturnus vulgaris,Gape,8:29,Ground,NA,NA,
S08,04/06/2024,8:15,8:35,18,1,2,Tuesday,EUST,Sturnus vulgaris,Gape,8:29,Ground,NA,NA,
S08,04/06/2024,8:15,8:35,18,1,2,Tuesday,EUST,Sturnus vulgaris,Gape,8:29,Ground,NA,NA,
S08,04/06/2024,8:15,8:35,18,1,2,Tuesday,CHSP,Spizella passerina,Peck,8:31,Ground,NA,NA,
S08,04/06/2024,8:15,8:35,18,1,2,Tuesday,HOSP,Passer domesticus,Hop,8:33,Ground,NA,NA,
S08,04/06/2024,8:15,8:35,18,1,2,Tuesday,HOSP,Passer domesticus,Vocalize,8:35,Silver maple,Acer saccharinum,36,
S20,04/06/2024,9:12,9:32,19,1,2,Tuesday,,,,,,,,"COHA pair flyover. TUVU flyover. Very quiet (no construction, few birds, no cars). CHSP, AMRO, NOCA heard in backyards. "
S21,04/06/2024,9:46,10:06,20,1,2,Tuesday,SOSP,Melospiza melodia,Perch,9:49,Silver maple,Aver saccharinum,30,"X4 AMCR down the street. NOCA, AMRO, and REVI heard. GREG flyover. Cat."
S21,04/06/2024,9:46,10:06,20,1,2,Tuesday,AMRO,Turdus migratorius,Carry food,10:02,Ground,NA,NA,
S17,05/06/2024,8:46,9:06,21,1,2,Wednesday ,HOSP,Passer domesticus,Glean,8:56,Tatarian honeysuckle,Lonicera tatarica,2,"NOCA, AMRO, BLJA X2, EUST seen and heard. HOSP copulation on neighbour's roof. Squirrels fighting in almost every tree from ~ 8:46-9:00."
S17,05/06/2024,8:46,9:06,21,1,2,Wednesday ,HOSP,Passer domesticus,Glean,8:56,Tartarian honeysuckle,Lonicera tatarica,2,Tartarian honeysuckle: multi-stemmed in ROW (hedge).
S17,05/06/2024,8:46,9:06,21,1,2,Wednesday ,HOSP,Passer domesticus,Glean,8:59,Tartarian honeysuckle,Lonicera tatarica,2,
S17,05/06/2024,8:46,9:06,21,1,2,Wednesday ,AMRO,Turdus migratorius,Vocalize,9:01,Silver maple,Acer saccharinum,60,
S17,05/06/2024,8:46,9:06,21,1,2,Wednesday ,HOSP,Passer domesticus,Vocalize,9:03,Silver maple,Acer saccharinum,60,
S17,05/06/2024,8:46,9:06,21,1,2,Wednesday ,HOSP,Passer domesticus,Bill wipe,9:03,Silver maple,Acer saccharinum,60,
S17,05/06/2024,8:46,9:06,21,1,2,Wednesday ,HOSP,Passer domesticus,Vocalize,9:04,Silver maple,Acer saccharinum,60,
S17,05/06/2024,8:46,9:06,21,1,2,Wednesday ,AMRO,Turdus migratorius,Perch,9:04,Silver maple,Acer saccharinum,96,
S17,05/06/2024,8:46,9:06,21,1,2,Wednesday ,EUST,Sturnus vulgaris,Hop,9:05,Silver maple,Acer saccharinum,60,
S17,05/06/2024,8:46,9:06,21,1,2,Wednesday ,EUST,Sturnus vulgaris,Perch,9:05,Silver maple,Acer saccharinum,60,
S17,05/06/2024,8:46,9:06,21,1,2,Wednesday ,EUST,Sturnus vulgaris,Preen,9:05,Silver maple,Acer saccharinum,96,
S17,05/06/2024,8:46,9:06,21,1,2,Wednesday ,EUST,Sturnus vulgaris,Vocalize,9:05,Silver maple,Acer saccharinum,96,
S17,05/06/2024,8:46,9:06,21,1,2,Wednesday ,EUST,Sturnus vulgaris,Preen,9:05,Silver maple,Acer saccharinum,96,
S17,05/06/2024,8:46,9:06,21,1,2,Wednesday ,EUST,Sturnus vulgaris,Vocalize,9:05,Silver maple,Acer saccharinum,96,
S17,05/06/2024,8:46,9:06,21,1,2,Wednesday ,AMRO,Turdus migratorius,Perch,9:05,Norway maple,Acer platanoides,44,
S17,05/06/2024,8:46,9:06,21,1,2,Wednesday ,AMRO,Turdus migratorius,Gape,9:05,Ground,NA,NA,
S17,05/06/2024,8:46,9:06,21,1,2,Wednesday ,NOCA,Cardinalis cardinalis,Vocalize,9:06,Silver maple,Acer saccharinum,60,
S11,10/06/2024,7:42,8:02,14,4,3,Monday,AMRO,Turdus migratorius,Gape,7:54,Ground,NA,NA,"CHSP nest in hedge. Heard or saw AMCR, AMRO, ROPI, EUST, HOSP. Heron flyover."
S11,10/06/2024,7:42,8:02,14,4,3,Monday,CHSP,Spizella passerina,Glean,7:55,White elm,Ulmus americana,79,
S11,10/06/2024,7:42,8:02,14,4,3,Monday,HOSP,Passer domesticus,Peck,7:55,Ground,NA,NA,
S11,10/06/2024,7:42,8:02,14,4,3,Monday,CHSP,Spizella passerina,Glean,7:57,White elm,Ulmus americana,79,
S11,10/06/2024,7:42,8:02,14,4,3,Monday,CHSP,Spizella passerina,Vocalize,7:58,White elm,Ulmus americana,79,
S05,10/06/2024,8:10,8:30,14,3,3,Monday,HOSP,Passer domesticus,Vocalize,8:28,Norway maple,Acer platanoides,31,"AMRO, EUST, ROPI, BCCH, HOSP, CHSW seen or heard. Sun came out at 8:14. Busy sidewalk."
S05,10/06/2024,8:10,8:30,14,3,3,Monday,HOSP,Passer domesticus,Hop,8:28,Norway maple,Acer platanoides,31,
S05,10/06/2024,8:10,8:30,14,3,3,Monday,HOSP,Passer domesticus,Vocalize,8:28,Norway maple,Acer platanoides,31,
S05,10/06/2024,8:10,8:30,14,3,3,Monday,HOSP,Passer domesticus,Hop,8:28,Norway maple,Acer platanoides,31,
S05,10/06/2024,8:10,8:30,14,3,3,Monday,AMRO,Turdus migratorius,Perch,8:29,Norway maple,Acer platanoides,28,
S14,10/06/2024,9:11,9:31,15,3,3,Monday,HOSP,Passer domesticus,Peck,9:21,European linden,Tilia × europaea,57,"Construction. Heard CHSP, HOSP, CHSW. Low flying CHSWs. TUVU flyover. "
S14,10/06/2024,9:11,9:31,15,3,3,Monday,HOSP,Passer domesticus,Vocalize,9:21,European linden,Tilia × europaea,51,* blue spruce DBH = 44
S14,10/06/2024,9:11,9:31,15,3,3,Monday,HOSP,Passer domesticus,Hop,9:21,European linden,Tilia × europaea,51,
S14,10/06/2024,9:11,9:31,15,3,3,Monday,EUST,Sturnus vulgaris,Perch,9:28,European linden,Tilia × europaea,51,
S21,11/06/2024,7:05,7:25,12,4,2,Tuesday,CHSP,Spizella passerina,Vocalize,7:11,Blue spruce,Picea pungens,6,"Mist raining. NOCA, REVI (X2, loud in backyard in large trees), AMCR, SOSP, BLJA, AMRO, EUST, COGR, BCCH, CHSW heard or seen."
S21,11/06/2024,7:05,7:25,12,4,2,Tuesday,EUST,Sturnus vulgaris,Vocalize,7:12,Silver maple,Acer saccharinum,79,
S21,11/06/2024,7:05,7:25,12,4,2,Tuesday,AMRO,Turdus migratorius,Perch,7:17,Silver maple,Acer saccharinum,79,
S21,11/06/2024,7:05,7:25,12,4,2,Tuesday,CEDW,Bombycilla cedrorum,Perch,7:20,Silver maple,Acer saccharinum,30,
S21,11/06/2024,7:05,7:25,12,4,2,Tuesday,CEDW,Bombycilla cedrorum,Perch,7:20,Norway maple,Acer platanoides,30,* approximation of DBH
S21,11/06/2024,7:05,7:25,12,4,2,Tuesday,CEDW,Bombycilla cedrorum,Perch,7:25,Silver maple,Acer saccharinum,30,
S21,11/06/2024,7:05,7:25,12,4,2,Tuesday,CEDW,Bombycilla cedrorum,Perch,7:25,Silver maple,Acer saccharinum,30,
S03,11/06/2024,7:43,8:03,12,4,3,Tuesday,,,,,,,,"West Broadway is a very loud street, especially traffic noises. Misting rain. AMCR on pecking garbage can in right of way. SOSP, NOCA, EUST, COGR, BLJA, AMCR heard or seen. Possible COHA flyover down the street."
S08,13/06/2024,7:21,7:41,15,1,1,Thursday,HOSP,Passer domesticus,Vocalize,7:28,Bush honeysuckle,Diervilla lonicera,2,"Heard or saw NOCA, CHSW (flying low and vocalizing loudly), EUST, HOSP. Lots of squirrels."
S08,13/06/2024,7:21,7:41,15,1,1,Thursday,HOSP,Passer domesticus,Preen,7:28,Bush honeysuckle,Diervilla lonicera,2,
S08,13/06/2024,7:21,7:41,15,1,1,Thursday,HOSP,Passer domesticus,Vocalize,7:28,Bush honeysuckle,Diervilla lonicera,2,
S08,13/06/2024,7:21,7:41,15,1,1,Thursday,HOSP,Passer domesticus,Hop,7:30,Ground,NA,NA,
S08,13/06/2024,7:21,7:41,15,1,1,Thursday,WBNU,Sita carolinensis,Vocalize,7:32,Norway maple,Acer platanoides,72,
S08,13/06/2024,7:21,7:41,15,1,1,Thursday,WBNU,Sita carolinensis,Peck,7:32,Norway maple,Acer platanoides,72,
S08,13/06/2024,7:21,7:41,15,1,1,Thursday,HOSP,Passer domesticus,Perch,7:35,Norway maple,Acer platanoides,72,
S08,13/06/2024,7:21,7:41,15,1,1,Thursday,EUST,Sturnus vulgaris,Vocalize,7:39,Silver maple,Acer saccharinum,36,
S08,13/06/2024,7:21,7:41,15,1,1,Thursday,EUST,Sturnus vulgaris,Vocalize,7:39,Silver maple,Acer saccharinum,36,
S08,13/06/2024,7:21,7:41,15,1,1,Thursday,EUST,Sturnus vulgaris,Vocalize,7:39,Silver maple,Acer saccharinum,36,
S20,13/06/2024,7:53,8:13,16,1,1,Thursday,CHSP,Spizella passerina,Perch,7:55,Norway maple,Acer platanoides,24,"Heard or saw AMCR, CHSW, NOCA, EUST, CHSP, AMRO, HOSP. Birds were primarily in backyards on other side of the street"
S12,13/06/2024,9:38,9:50,19,1,2,Thursday,HOSP,Passer domesticus,Perch,9:42,Silver maple,Acer saccharinum,63,"Heard or saw BLJA, NOCA, CHSP, AMRO, AMCR, ROPI, SOSP, BCCH, CHSW, EUST."
S12,13/06/2024,9:38,9:50,19,1,2,Thursday,HOSP,Passer domesticus,Perch,9:42,Silver maple,Acer saccharinum,63,
S12,13/06/2024,9:38,9:50,19,1,2,Thursday,HOSP,Passer domesticus,Vocalize,9:44,Silver maple,Acer saccharinum,64,
S12,13/06/2024,9:38,9:50,19,1,2,Thursday,HOSP,Passer domesticus,Vocalize,9:46,Silver maple,Acer saccharinum,76,
S12,13/06/2024,9:38,9:50,19,1,2,Thursday,AMRO,Turdus migratorius,Gape,9:48,Ground,NA,NA,
S12,13/06/2024,9:38,9:50,19,1,2,Thursday,HOSP,Passer domesticus,Peck,9:48,Silver maple,Acer saccharinum,56,
S12,13/06/2024,9:38,9:50,19,1,2,Thursday,HOSP,Passer domesticus,Vocalize,9:48,Silver maple,Acer saccharinum,56,
S12,13/06/2024,9:38,9:50,19,1,2,Thursday,HOSP,Passer domesticus,Perch,9:51,Silver maple,Acer saccharinum,56,
S12,13/06/2024,9:38,9:50,19,1,2,Thursday,HOSP,Passer domesticus,Bill wipe,9:53,Silver maple,Acer saccharinum,76,
S12,13/06/2024,9:38,9:50,19,1,2,Thursday,HOSP,Passer domesticus,Peck,9:53,Silver maple,Acer saccharinum,76,
S02,19/06/2024,6:58,7:18,26,4,1,Wednesday ,,,,,,,,"CHSW, HOSP, AMCR, BCCH, AMRO, AMGO, NOCA, CHSP seen or heard."
S16,19/06/2024,8:56,9:16,28,1,2,Wednesday ,,,,,,,,"Street mostly quiet. All Norway maples. NOCA, SOSP, EUST, HOSP, CHSW, BCCH, CHSP, AMRO seen or heard. TUVU flyover."
S18,20/06/2024,7:16,7:36,27,1,2,Thursday,AMRO,Turdus migratorius,Gape,7:17,Ground,NA,NA,"4 observations of WBNU on Norway maple across the street. REVI in the big ash in the backyard. NOCA, REVI, HOFI, BCCH, EUST, HOSP, SOSP, CHSP, AMRO, CHSW, WBNU heard or seen."
S18,20/06/2024,7:16,7:36,27,1,2,Thursday,CHSP,Spizella passerina,Peck,7:18,Ground,NA,NA,
S18,20/06/2024,7:16,7:36,27,1,2,Thursday,HOFI,Haemorhous mexicanus,Perch,7:18,Norway maple,Acer platanoides,50,
S18,20/06/2024,7:16,7:36,27,1,2,Thursday,CHSP,Spizella passerina,Perch,7:19,Honey locust,Gleditsia triacanthos,3,
S18,20/06/2024,7:16,7:36,27,1,2,Thursday,CHSP,Spizella passerina,Perch,7:19,Honey locust,Gleditsia triacanthos,3,
S18,20/06/2024,7:16,7:36,27,1,2,Thursday,HOSP,Passer domesticus,Vocalize,7:21,Honey locust,Gleditsia triacanthos,3,
S18,20/06/2024,7:16,7:36,27,1,2,Thursday,HOSP,Passer domesticus,Ground forage,7:21,Ground,NA,NA,
S18,20/06/2024,7:16,7:36,27,1,2,Thursday,HOFI,Haemorhous mexicanus,Vocalize,7:24,Norway maple,Acer platanoides,50,
S18,20/06/2024,7:16,7:36,27,1,2,Thursday,BCCH,Poecile atricapillus,Vocalize,7:36,Norway spruce,Picea abies,35,
S18,20/06/2024,7:16,7:36,27,1,2,Thursday,BCCH,Poecile atricapillus,Peck,7:36,Norway spruce,Picea abies,35,
S18,20/06/2024,7:16,7:36,27,1,2,Thursday,NOCA,Cardinalis cardinalis,Perch,7:36,Norway maple,Acer platanoides,50,
S04,20/06/2024,8:14,8:34,28,1,2,Thursday,HOSP,Passer domesticus,Bill wipe,8:14,Honey locust,Gleditsia triacanthos,23,
S04,20/06/2024,8:14,8:34,28,1,2,Thursday,EUST,Sturnus vulgaris,Gape,8:19,Ground,NA,NA,
S04,20/06/2024,8:14,8:34,28,1,2,Thursday,EUST,Sturnus vulgaris,Gape,8:19,Ground,NA,NA,
S04,20/06/2024,8:14,8:34,28,1,2,Thursday,BCCH,Poecile atricapillus,Glean,8:20,Silver maple,Acer saccharinum,74,
S04,20/06/2024,8:14,8:34,28,1,2,Thursday,EUST,Sturnus vulgaris,Gape,8:21,Ground,NA,NA,
S04,20/06/2024,8:14,8:34,28,1,2,Thursday,BCCH,Poecile atricapillus,Hang,8:22,Silver maple,Acer saccharinum,74,
S04,20/06/2024,8:14,8:34,28,1,2,Thursday,EUST,Sturnus vulgaris,Perch,8:22,Silver maple,Acer saccharinum,74,
S04,20/06/2024,8:14,8:34,28,1,2,Thursday,EUST,Sturnus vulgaris,Gape,8:22,Ground,NA,NA,
S04,20/06/2024,8:14,8:34,28,1,2,Thursday,EUST,Sturnus vulgaris,Perch,8:23,Silver maple,Acer saccharinum,81,
S04,20/06/2024,8:14,8:34,28,1,2,Thursday,HOSP,Passer domesticus,Vocalize,8:24,Silver maple,Acer saccharinum,81,
S04,20/06/2024,8:14,8:34,28,1,2,Thursday,EUST,Sturnus vulgaris,Bill wipe,8:27,Silver maple,Acer saccharinum,74,
S04,20/06/2024,8:14,8:34,28,1,2,Thursday,EUST,Sturnus vulgaris,Bill wipe,8:27,Silver maple,Acer saccharinum,84,
S04,20/06/2024,8:14,8:34,28,1,2,Thursday,EUST,Sturnus vulgaris,Vocalize,8:28,Silver maple,Acer saccharinum,84,
S04,20/06/2024,8:14,8:34,28,1,2,Thursday,BCCH,Poecile atricapillus,Hang,8:33,Silver maple,Acer saccharinum,81,
S04,20/06/2024,8:14,8:34,28,1,2,Thursday,BCCH,Poecile atricapillus,Glean,8:34,Honey locust,Gleditsia triacanthos,23,
S17,20/06/2024,8:48,9:08,28,1,2,Thursday,EUST,Sturnus vulgaris,Gape,8:49,Ground,NA,NA,
S17,20/06/2024,8:48,9:08,28,1,2,Thursday,EUST,Sturnus vulgaris,Hop,8:49,Ground,NA,NA,
S17,20/06/2024,8:48,9:08,28,1,2,Thursday,EUST,Sturnus vulgaris,Perch,8:50,Norway maple,Acer platanoides,35,
S17,20/06/2024,8:48,9:08,28,1,2,Thursday,EUST,Sturnus vulgaris,Gape,8:50,Ground,NA,NA,
S17,20/06/2024,8:48,9:08,28,1,2,Thursday,EUST,Sturnus vulgaris,Gape,8:50,Ground,NA,NA,
S17,20/06/2024,8:48,9:08,28,1,2,Thursday,EUST,Sturnus vulgaris,Gape,8:50,Ground,NA,NA,
S17,20/06/2024,8:48,9:08,28,1,2,Thursday,BCCH,Poecile atricapillus,Glean,8:51,Silver maple,Acer saccharinum,91,
S17,20/06/2024,8:48,9:08,28,1,2,Thursday,BCCH,Poecile atricapillus,Glean,8:51,Silver maple,Acer saccharinum,91,
S17,20/06/2024,8:48,9:08,28,1,2,Thursday,REVI,Vireo olivaceus,Vocalize,8:52,Silver maple,Acer saccharinum,111,** two trees down from our street survey area
S17,20/06/2024,8:48,9:08,28,1,2,Thursday,BCCH,Poecile atricapillus,Glean,8:56,Silver maple,Acer saccharinum,91,
S17,20/06/2024,8:48,9:08,28,1,2,Thursday,BCCH,Poecile atricapillus,Vocalize,8:56,Silver maple,Acer saccharinum,91,
S17,20/06/2024,8:48,9:08,28,1,2,Thursday,HOSP,Passer domesticus,Vocalize,8:56,Silver maple,Acer saccharinum,91,
S07,21/06/2024,7:52,8:12,20,3,3,Friday,EUST,Sturnus vulgaris,Perch,7:55,Silver maple,Acer saccharinum,82,"BCCH across the street in backyards. AMRO, NOCA, EUST, BCCH, CHSW heard or seen."
S07,21/06/2024,7:52,8:12,20,3,3,Friday,AMRO,Turdus migratorius,Perch,7:55,Silver maple,Acer saccharinum,80,
S07,21/06/2024,7:52,8:12,20,3,3,Friday,EUST,Sturnus vulgaris,Feed young,8:00,Silver maple,Acer saccharinum,109,
S07,21/06/2024,7:52,8:12,20,3,3,Friday,NOCA,Cardinalis cardinalis,Vocalize,8:01,Silver maple,Acer saccharinum,109,
S07,21/06/2024,7:52,8:12,20,3,3,Friday,EUST,Sturnus vulgaris,Feed young,8:02,Silver maple,Acer saccharinum,109,
S07,21/06/2024,7:52,8:12,20,3,3,Friday,EUST,Sturnus vulgaris,Bill wipe,8:02,Silver maple,Acer saccharinum,80,
S07,21/06/2024,7:52,8:12,20,3,3,Friday,EUST,Sturnus vulgaris,Bill wipe,8:02,Silver maple,Acer saccharinum,80,
S07,21/06/2024,7:52,8:12,20,3,3,Friday,EUST,Sturnus vulgaris,Hop,8:07,Silver maple,Acer saccharinum,82,
S07,21/06/2024,7:52,8:12,20,3,3,Friday,EUST,Sturnus vulgaris,Feed young,8:10,Silver maple,Acer saccharinum,83,
S07,21/06/2024,7:52,8:12,20,3,3,Friday,EUST,Sturnus vulgaris,Feed young,8:12,Silver maple,Acer saccharinum,109,
S13,21/06/2024,8:30,8:50,21,3,3,Friday,COGR,Quiscalus quiscula,Perch,8:47,Norway maple,Acer platanoides,63,"AMGO pairing flying. EUST and COGR foraging on lawn on other side of the street--lawns on our side are dead. AMGO, NOCA, REVI, SOSP, BCCH, AMRO, CHSP, COGR, CHSW, EUST seen or heard."
S06,21/06/2024,8:56,9:16,21,4,3,Friday,HOSP,Passer domesticus,Perch,9:00,English oak,Quercus robur,29,"REVIs in large Silver maples in backyard. SOSP, HOSP, NOCA, BCCH, CHSW, REVI, AMRO, CHSP seen or heard."
S06,21/06/2024,8:56,9:16,21,4,3,Friday,HOSP,Passer domesticus,Peck,9:04,Ground,NA,NA,
S06,21/06/2024,8:56,9:16,21,4,3,Friday,HOSP,Passer domesticus,Peck,9:06,Ground,NA,NA,
S06,21/06/2024,8:56,9:16,21,4,3,Friday,HOSP,Passer domesticus,Peck ,9:07,Ground,NA,NA,
S06,21/06/2024,8:56,9:16,21,4,3,Friday,AMRO,Turdus migratorius,Hop,9:07,Ground,NA,NA,
S06,21/06/2024,8:56,9:16,21,4,3,Friday,HOSP,Passer domesticus,Peck,9:07,Ground,NA,NA,
S10,25/06/2024,8:09,8:29,18,1,2,Tuesday,HOSP,Passer domesticus,Hop,8:11,Ground,NA,NA,"HOSP, CHSW, AMCR seen or heard."
S10,25/06/2024,8:09,8:29,18,1,2,Tuesday,HOSP,Passer domesticus,Vocalize,8:12,Common lilac,Syringa vulgaris,20 (2X10),
S10,25/06/2024,8:09,8:29,18,1,2,Tuesday,HOSP,Passer domesticus,Perch,8:14,Greenstem forsythia,Forsythia viridissima,NA,**double check ID on next survey (does not seem correct)
S10,25/06/2024,8:09,8:29,18,1,2,Tuesday,HOSP,Passer domesticus,Bill wipe,8:14,Greenstem forsythia,Forsythia viridissima,NA,
S10,25/06/2024,8:09,8:29,18,1,2,Tuesday,HOSP,Passer domesticus,Hop,8:14,Greenstem forsythia,Forsythia viridissima,NA,
S10,25/06/2024,8:09,8:29,18,1,2,Tuesday,HOSP,Passer domesticus,Bill wipe,8:15,Common lilac,Syringa vulgaris,20 (2X10),
S10,25/06/2024,8:09,8:29,18,1,2,Tuesday,HOSP,Passer domesticus,Perch,8:15,Common lilac,Syringa vulgaris,20 (2X10),
S10,25/06/2024,8:09,8:29,18,1,2,Tuesday,HOSP,Passer domesticus,Glean,8:16,Silver maple,Acer saccharinum,105,
S10,25/06/2024,8:09,8:29,18,1,2,Tuesday,HOSP,Passer domesticus,Bill wipe,8:17,Greenstem forsythia,Forsythia viridissima,NA,
S10,25/06/2024,8:09,8:29,18,1,2,Tuesday,HOSP,Passer domesticus,Glean,8:17,Norway maple,Acer platanoides,35,
S10,25/06/2024,8:09,8:29,18,1,2,Tuesday,HOSP,Passer domesticus,Glean,8:18,Silver maple,Acer saccharinum,105,
S10,25/06/2024,8:09,8:29,18,1,2,Tuesday,HOSP,Passer domesticus,Bill wipe,8:22,Sugar maple,Acer saccharum,4,
S10,25/06/2024,8:09,8:29,18,1,2,Tuesday,HOSP,Passer domesticus,Perch,8:23,Sugar maple,Acer saccharum,4,
S10,25/06/2024,8:09,8:29,18,1,2,Tuesday,HOSP,Passer domesticus,Perch,8:23,Norway maple,Acer platanoides,35,
S10,25/06/2024,8:09,8:29,18,1,2,Tuesday,HOSP,Passer domesticus,Perch,8:23,Sugar maple,Acer saccharum,4,
S10,25/06/2024,8:09,8:29,18,1,2,Tuesday,HOSP,Passer domesticus,Hop,8:24,Ground,NA,NA,
S10,25/06/2024,8:09,8:29,18,1,2,Tuesday,HOSP,Passer domesticus,Hop,8:24,Ground,NA,NA,
S10,25/06/2024,8:09,8:29,18,1,2,Tuesday,HOSP,Passer domesticus,Perch,8:24,Silver maple,Acer saccharinum,105,
S10,25/06/2024,8:09,8:29,18,1,2,Tuesday,HOSP,Passer domesticus,Bill wipe,8:25,Sugar maple,Acer saccharum,4,
S10,25/06/2024,8:09,8:29,18,1,2,Tuesday,HOSP,Passer domesticus,Perch,8:26,Sugar maple,Acer saccharum,4,
S10,25/06/2024,8:09,8:29,18,1,2,Tuesday,HOSP,Passer domesticus,Glean,8:26,Silver maple,Acer saccharinum,82,
S10,25/06/2024,8:09,8:29,18,1,2,Tuesday,HOSP,Passer domesticus,Perch,8:29,Greenstem forsythia,Forsythia viridissima,NA,
S11,25/06/2024,8:45,9:05,20,1,2,Tuesday,BCCH,Poecile atricapillus,Glean,8:54,White elm,Ulmus americana,74,"Loud construction. HOSP, CHSP, CHSW, AMCR, EUST, CEDW, COGR, BCCH, ROPI, AMRO seen or heard."
S11,25/06/2024,8:45,9:05,20,1,2,Tuesday,BCCH,Poecile atricapillus,Glean,8:54,White elm,Ulmus americana,74,"NDG resident on Oxford: Front landcover change from lawn to plants, added ""verdure"" and insect."
S11,25/06/2024,8:45,9:05,20,1,2,Tuesday,BCCH,Poecile atricapillus,Glean,9:00,White elm,Ulmus americana,74,
S11,25/06/2024,8:45,9:05,20,1,2,Tuesday,BCCH,Poecile atricapillus,Glean,9:00,White elm,Ulmus americana,74,
S19,26/06/2024,7:19,7:39,21,2,3,Wednesday ,NOCA,Cardinalis cardinalis,Vocalize,7:27,Norway maple,Acer platanoides,47,"BCCH, EUST, SOSP, AMCR, AMRO, NOCA, HOSP, CHSW seen or heard."
S19,26/06/2024,7:19,7:39,21,2,3,Wednesday ,NOCA,Cardinalis cardinalis,Vocalize,7:29,River birch,Betula nigra,15,
S21,26/06/2024,7:49,8:09,21,3,3,Wednesday ,BCCH,Poecile atricapillus,Perch,7:56,Norway maple,Acer platanoides,68,"REVI heard in backyard (though singing much less than usual). Loud lawn mowing. HOSP, AMRO, CHSW, BCCH, SOSP, CHSP, NOCA, AMCR, MODO, BLJA seen or heard."
S21,26/06/2024,7:49,8:09,21,3,3,Wednesday ,BCCH,Poecile atricapillus,Vocalize,7:56,Norway maple,Acer platanoides,68,
S21,26/06/2024,7:49,8:09,21,3,3,Wednesday ,BCCH,Poecile atricapillus,Hop,7:56,Norway maple,Acer platanoides,68,
S21,26/06/2024,7:49,8:09,21,3,3,Wednesday ,HOSP,Passer domesticus,Vocalize,8:02,Silver maple,Acer saccharinum,30,
S03,26/06/2024,8:20,8:40,21,3,3,Wednesday ,HOSP,Passer domesticus,Peck,8:24,Ground,NA,NA,"MERL flyover (8:37). BCCH, HOSP, EUST, SOSP, MODO pair, CHSW, AMRO seen or heard."
S03,26/06/2024,8:20,8:40,21,3,3,Wednesday ,EUST,Sturnus vulgaris,Gape,8:29,Ground,NA,NA,
S03,26/06/2024,8:20,8:40,21,3,3,Wednesday ,BCCH,Poecile atricapillus,Vocalize,8:29,Norway maple,Acer platanoides,40,
S03,26/06/2024,8:20,8:40,21,3,3,Wednesday ,BCCH,Poecile atricapillus,Vocalize,8:29,Norway maple,Acer platanoides,40,
S03,26/06/2024,8:20,8:40,21,3,3,Wednesday ,HOSP,Passer domesticus,Perch,8:31,Morton elm,Ulmus davidiana var. japonica × Ulmus davidiana var. japonica,23,
S03,26/06/2024,8:20,8:40,21,3,3,Wednesday ,MODO,Zenaida macroura,Peck,8:32,Ground,NA,NA,
S03,26/06/2024,8:20,8:40,21,3,3,Wednesday ,BCCH,Poecile atricapillus,Vocalize,8:35,Norway maple,Acer platanoides,76,*alarm call
S03,26/06/2024,8:20,8:40,21,3,3,Wednesday ,AMRO,Turdus migratorius,Peck,8:37,Ground,NA,NA,*juvenile
S03,26/06/2024,8:20,8:40,21,3,3,Wednesday ,HOSP,Passer domesticus,Peck,8:39,Ground,NA,NA,
S03,26/06/2024,8:20,8:40,21,3,3,Wednesday ,NOCA,Cardinalis cardinalis,Vocalize,8:40,Norway maple,Acer platanoides,40,
S09,27/06/2024,7:41,8:01,15,4,2,Thursday,HOSP,Passer domesticus,Beg,7:46,Red ash,Fraxinus pennsylvanica ,45,
S09,27/06/2024,7:41,8:01,15,4,2,Thursday,HOSP,Passer domesticus,Feed young,7:47,Red ash,Fraxinus pennsylvanica ,45,
S09,27/06/2024,7:41,8:01,15,4,2,Thursday,HOSP,Passer domesticus,Perch,7:47,Red ash,Fraxinus pennsylvanica ,45,
S15,27/06/2024,8:43,9:03,15,3,2,Thursday,CHSP,Spizella passerina,Peck,8:47,Ground,NA,NA,
S14,28/06/2024,7:21,7:41,14,1,1,Friday,HOSP,Passer domesticus,Glean,7:25,European linden,Tilia × europaea,50,Very quiet street
S17,28/06/2024,8:10,8:30,15,1,1,Friday,BCCH,Poecile atricapillus,Peck,8:16,Silver maple,Acer saccharinum,68,Much livlier street. REVI heard in backyard.
S17,28/06/2024,8:10,8:30,15,1,1,Friday,BCCH,Poecile atricapillus,Peck,8:16,Silver maple,Acer saccharinum,68,
S17,28/06/2024,8:10,8:30,15,1,1,Friday,EUST,Sturnus vulgaris,Perch,8:16,Silver maple,Acer saccharinum,68,
S17,28/06/2024,8:10,8:30,15,1,1,Friday,EUST,Sturnus vulgaris,Perch,8:24,Silver maple,Acer saccharinum,61,
S17,28/06/2024,8:10,8:30,15,1,1,Friday,DOWO,Picoides pubescens,Hammer,8:20,Silver maple,Acer saccharinum,94,
S17,28/06/2024,8:10,8:30,15,1,1,Friday,NOCA,Cardinalis cardinalis,Vocalize,8:29,Norway maple,Acer platanoides,35,
S17,28/06/2024,8:10,8:30,15,1,1,Friday,NOCA,Cardinalis cardinalis,Perch,8:29,Norway maple,Acer platanoides,35,
S04,28/06/2024,9:08,9:28,17,1,1,Friday,EUST,Sturnus vulgaris,Perch,9:11,Silver maple,Acer saccharinum,84,
S04,28/06/2024,9:08,9:28,17,1,1,Friday,HOSP,Passer domesticus,Perch,9:18,Silver maple,Acer saccharinum,81,
S04,28/06/2024,9:08,9:28,17,1,1,Friday,HOSP,Passer domesticus,Perch,9:18,Silver maple,Acer saccharinum,81,
S05,28/06/2024,9:41,10:01,17,1,2,Friday,HOSP,Passer domesticus,Vocalize,9:58,Norway maple,Acer platanoides,29,Contruction 1 block down the street
S05,28/06/2024,9:41,10:01,17,1,2,Friday,NOCA,Cardinalis cardinalis,Peck,10:00,Ground,NA,NA,
S08,02/07/2024,7:15,7:35,20,1,2,Tuesday,EUST,Sturnus vulgaris,Perch,7:18,Norway maple,Acer platanoides,81,MERL flyover. BLJA heard.
S08,02/07/2024,7:15,7:35,20,1,2,Tuesday,EUST,Sturnus vulgaris,Beg,7:18,Norway maple,Acer platanoides,81,
S08,02/07/2024,7:15,7:35,20,1,2,Tuesday,HOSP,Passer domesticus,Vocalize,7:22,Bush honeysuckle,Diervilla lonicera,2,
S08,02/07/2024,7:15,7:35,20,1,2,Tuesday,EUST,Sturnus vulgaris,Perch,7:35,Norway maple,Acer platanoides,85,
S01,02/07/2024,8:48,9:08,21,1,2,Tuesday,CHSP,Spizella passerina,Vocalize,8:50,Silver maple,Acer saccharinum,80,"REVI in backyard Silver maple singing all survey long. Lots of activity in backyards. HOFI, COGR, MODO, BLJA heard or seen."
S01,02/07/2024,8:48,9:08,21,1,2,Tuesday,AMCR,Corvus brachyrhynchos,Perch,8:53,Norway maple,Acer platanoides,58,
S01,02/07/2024,8:48,9:08,21,1,2,Tuesday,BCCH,Poecile atricapillus,Glean,9:00,Silver maple,Acer saccharinum,80,
S01,02/07/2024,8:48,9:08,21,1,2,Tuesday,CHSP,Spizella passerina,Ground forage,9:05,Ground,NA,NA,
S01,02/07/2024,8:48,9:08,21,1,2,Tuesday,NOCA,Cardinalis cardinalis,Vocalize,9:08,River birch,Betula nigra,10,
S01,02/07/2024,8:48,9:08,21,1,2,Tuesday,NOCA,Cardinalis cardinalis,Vocalize,9:08,Silver maple,Acer saccharinum,74,
S16,02/07/2024,9:21,9:41,21,1,2,Tuesday,,,,,,,,"Construction and recycling pick up on street. Many birds further down the street (AMCR, BLJA, CHSP, EUST). Resident said: ""Norway on this street has a lot of breaking branches; the city said they're going to check it out. Lots of crows this year."""
S06,03/07/2024,7:09,7:29,19,1,2,Wednesday,HOSP,Passer domesticus,Perch,7:12,Common buckthorn,Rhamnus cathartica,NA,BLJA flyover. SOSP and BCCH heard loudly from yards.
S06,03/07/2024,7:09,7:29,19,1,2,Wednesday,HOSP,Passer domesticus,Hop,7:12,Ground,NA,NA,
S06,03/07/2024,7:09,7:29,19,1,2,Wednesday,WBNU,Sitta carolinensis,Vocalize,7:22,European linden,Tilia × europaea,66,
S06,03/07/2024,7:09,7:29,19,1,2,Wednesday,AMRO,Turdus migratorius,Perch,7:26,European linden,Tilia × europaea,66,
S06,03/07/2024,7:09,7:29,19,1,2,Wednesday,AMRO,Turdus migratorius,Perch,7:26,European linden,Tilia × europaea,90,
S13,03/07/2024,8:25,8:45,21,1,3,Wednesday,AMRO,Turdus migratorius,Stand,8:26,Ground,NA,NA,AMGO and CHSW seen or heard.
S13,03/07/2024,8:25,8:45,21,1,3,Wednesday,CHSP,Spizella passerina,Perch,8:31,Norway maple,Acer platanoides,56,
S13,03/07/2024,8:25,8:45,21,1,3,Wednesday,CHSP,Spizella passerina,Feed young,8:33,Norway maple,Acer platanoides,56,
S13,03/07/2024,8:25,8:45,21,1,3,Wednesday,CHSP,Spizella passerina,Beg,8:33,Norway maple,Acer platanoides,56,*juvenile
S13,03/07/2024,8:25,8:45,21,1,3,Wednesday,CHSP,Spizella passerina,Vocalize,8:33,Norway maple,Acer platanoides,56,
S13,03/07/2024,8:25,8:45,21,1,3,Wednesday,CHSP,Spizella passerina,Copulate,8:37,Norway maple,Acer platanoides,56,
S13,03/07/2024,8:25,8:45,21,1,3,Wednesday,CHSP,Spizella passerina,Copulate,8:37,Norway maple,Acer platanoides,56,
S13,03/07/2024,8:25,8:45,21,1,3,Wednesday,CHSP,Spizella passerina,Vocalize,8:41,Norway maple,Acer platanoides,68,
S13,03/07/2024,8:25,8:45,21,1,3,Wednesday,CHSP,Spizella passerina,Copulate,8:42,Norway maple,Acer platanoides,56,
S13,03/07/2024,8:25,8:45,21,1,3,Wednesday,CHSP,Spizella passerina,Copulate,8:42,Norway maple,Acer platanoides,56,
S13,03/07/2024,8:25,8:45,21,1,3,Wednesday,CHSP,Spizella passerina,Peck,8:43,Ground,NA,BA,
S13,03/07/2024,8:25,8:45,21,1,3,Wednesday,CHSP,Spizella passerina,Perch,8:44,Norway maple,Acer platanoides,68,
S13,03/07/2024,8:25,8:45,21,1,3,Wednesday,CHSP,Spizella passerina,Vocalize,8:44,Norway maple,Acer platanoides,56,
S13,03/07/2024,8:25,8:45,21,1,3,Wednesday,CHSP,Spizella passerina,Vocalize,8:44,Norway maple,Acer platanoides,56,
S13,03/07/2024,8:25,8:45,21,1,3,Wednesday,CHSP,Spizella passerina,Ground forage,8:45,Ground,NA,NA,
S07,03/07/2024,8:58,9:18,21,1,3,Wednesday,AMRO,Turdus migratorius,Carry nesting material,8:59,Silver maple,Acer saccharinum,78,MERL flyover with loud vocalization. Cat (Sharky) on sidewalk.
S07,03/07/2024,8:58,9:18,21,1,3,Wednesday,EUST,Sturnus vulgaris,Vocalize,9:08,Silver maple,Acer saccharinum,107,
S07,03/07/2024,8:58,9:18,21,1,3,Wednesday,EUST,Sturnus vulgaris,Perch,9:09,Silver maple,Acer saccharinum,78,
S07,03/07/2024,8:58,9:18,21,1,3,Wednesday,EUST,Sturnus vulgaris,Perch,9:09,Silver maple,Acer saccharinum,85,
S07,03/07/2024,8:58,9:18,21,1,3,Wednesday,EUST,Sturnus vulgaris,Feed young,9:15,Silver maple,Acer saccharinum,107,
S07,03/07/2024,8:58,9:18,21,1,3,Wednesday,EUST,Sturnus vulgaris,Vocalize,9:15,Silver maple,Acer saccharinum,107,
S07,03/07/2024,8:58,9:18,21,1,3,Wednesday,EUST,Sturnus vulgaris,Sit on nest,9:15,Silver maple,Acer saccharinum,107,
S07,03/07/2024,8:58,9:18,21,1,3,Wednesday,EUST,Sturnus vulgaris,Feed young,9:17,Silver maple,Acer saccharinum,83,
S12,04/07/2024,8:49,9:09,23,4,3,Thursday,AMRO,Turdus migratorius,Preen,8:51,Silver maple,Acer saccharinum,68,"Loud tree cutting machine down the street. HAWO pair, NOCA pair, WBNU pair. CHSW and ROPI."
S12,04/07/2024,8:49,9:09,23,4,3,Thursday,HAWO,Leuconotopicus villosus,Hammer,8:52,Silver maple,Acer saccharinum,62,
S12,04/07/2024,8:49,9:09,23,4,3,Thursday,EUST,Sturnus vulgaris,Bill wipe,8:52,Silver maple,Acer saccharinum,70,
S12,04/07/2024,8:49,9:09,23,4,3,Thursday,EUST,Sturnus vulgaris,Vocalize,8:52,Silver maple,Acer saccharinum,70,
S12,04/07/2024,8:49,9:09,23,4,3,Thursday,BCCH,Poecile atricapillus,Vocalize,8:52,Silver maple,Acer saccharinum,68,
S12,04/07/2024,8:49,9:09,23,4,3,Thursday,BCCH,Poecile atricapillus,Peck,8:54,Silver maple,Acer saccharinum,50,
S12,04/07/2024,8:49,9:09,23,4,3,Thursday,WBNU,Sitta carolinensis,Glean,8:55,Silver maple,Acer saccharinum,68,
S12,04/07/2024,8:49,9:09,23,4,3,Thursday,WBNU,Sitta carolinensis,Glean,8:55,Silver maple,Acer saccharinum,68,
S12,04/07/2024,8:49,9:09,23,4,3,Thursday,BCCH,Poecile atricapillus,Peck,8:56,Silver maple,Acer saccharinum,50,
S12,04/07/2024,8:49,9:09,23,4,3,Thursday,HAWO,Leuconotopicus villosus,Hammer,8:58,Silver maple,Acer saccharinum,61,
S12,04/07/2024,8:49,9:09,23,4,3,Thursday,BCCH,Poecile atricapillus,Glean,8:58,Silver maple,Acer saccharinum,68,*hover glean
S12,04/07/2024,8:49,9:09,23,4,3,Thursday,WBNU,Sitta carolinensis,Glean,8:59,Silver maple,Acer saccharinum,62,
S12,04/07/2024,8:49,9:09,23,4,3,Thursday,EUST,Sturnus vulgaris,Gape,8:59,Ground,NA,NA,
S12,04/07/2024,8:49,9:09,23,4,3,Thursday,EUST,Sturnus vulgaris,Gape,8:59,Ground,NA,NA,
S12,04/07/2024,8:49,9:09,23,4,3,Thursday,EUST,Sturnus vulgaris,Gape,8:59,Ground,NA,NA,
S12,04/07/2024,8:49,9:09,23,4,3,Thursday,EUST,Sturnus vulgaris,Gape,8:59,Ground,NA,NA,
S12,04/07/2024,8:49,9:09,23,4,3,Thursday,EUST,Sturnus vulgaris,Gape,8:59,Ground,NA,NA,
S12,04/07/2024,8:49,9:09,23,4,3,Thursday,CHSP,Spizella passerina,Peck,9:00,Ground,NA,NA,
S12,04/07/2024,8:49,9:09,23,4,3,Thursday,EUST,Sturnus vulgaris,Perch,9:01,Silver maple,Acer saccharinum,62,"*EUST X5 looking into cavity where HOSP are nesting, bumping HOSP out of the way"
S12,04/07/2024,8:49,9:09,23,4,3,Thursday,EUST,Sturnus vulgaris,Perch,9:01,Silver maple,Acer saccharinum,62,
S12,04/07/2024,8:49,9:09,23,4,3,Thursday,EUST,Sturnus vulgaris,Perch,9:01,Silver maple,Acer saccharinum,62,
S12,04/07/2024,8:49,9:09,23,4,3,Thursday,EUST,Sturnus vulgaris,Perch,9:01,Silver maple,Acer saccharinum,62,
S12,04/07/2024,8:49,9:09,23,4,3,Thursday,EUST,Sturnus vulgaris,Perch,9:01,Silver maple,Acer saccharinum,62,
S12,04/07/2024,8:49,9:09,23,4,3,Thursday,BCCH,Poecile atricapillus,Glean,9:01,Silver maple,Acer saccharinum,62,
S12,04/07/2024,8:49,9:09,23,4,3,Thursday,BCCH,Poecile atricapillus,Glean,9:01,Silver maple,Acer saccharinum,62,
S12,04/07/2024,8:49,9:09,23,4,3,Thursday,BCCH,Poecile atricapillus,Glean,9:01,Silver maple,Acer saccharinum,62,
S12,04/07/2024,8:49,9:09,23,4,3,Thursday,NOCA,Cardinalis cardinalis,Perch,9:02,Silver maple,Acer saccharinum,62,
S12,04/07/2024,8:49,9:09,23,4,3,Thursday,HOSP,Passer domesticus,Perch,9:02,Silver maple,Acer saccharinum,62,* HOSP X3 females perched around cavity
S12,04/07/2024,8:49,9:09,23,4,3,Thursday,HOSP,Passer domesticus,Perch,9:02,Silver maple,Acer saccharinum,62,
S12,04/07/2024,8:49,9:09,23,4,3,Thursday,HOSP,Passer domesticus,Perch,9:02,Silver maple,Acer saccharinum,62,
S12,04/07/2024,8:49,9:09,23,4,3,Thursday,WBNU,Sitta carolinensis,Glean,9:03,Silver maple,Acer saccharinum,70,
S12,04/07/2024,8:49,9:09,23,4,3,Thursday,WBNU,Sitta carolinensis,Glean,9:04,Silver maple,Acer saccharinum,50,
S12,04/07/2024,8:49,9:09,23,4,3,Thursday,BCCH,Poecile atricapillus,Court,9:06,Silver maple,Acer saccharinum,50,*one begged while the other gleaned
S12,04/07/2024,8:49,9:09,23,4,3,Thursday,BCCH,Poecile atricapillus,Court,9:06,Silver maple,Acer saccharinum,50,*one begged while the other gleaned
S12,04/07/2024,8:49,9:09,23,4,3,Thursday,BCCH,Poecile atricapillus,Hang,9:06,Silver maple,Acer saccharinum,50,
S12,04/07/2024,8:49,9:09,23,4,3,Thursday,BCCH,Poecile atricapillus,Glean,9:07,Silver maple,Acer saccharinum,70,
S12,04/07/2024,8:49,9:09,23,4,3,Thursday,BCCH,Poecile atricapillus,Hang,9:07,Silver maple,Acer saccharinum,50,
S12,04/07/2024,8:49,9:09,23,4,3,Thursday,BCCH,Poecile atricapillus,Hang,9:07,Silver maple,Acer saccharinum,50,
S12,04/07/2024,8:49,9:09,23,4,3,Thursday,HOSP,Passer domesticus,Feed young,9:07,Silver maple,Acer saccharinum,62,
S12,04/07/2024,8:49,9:09,23,4,3,Thursday,WBNU,Sitta carolinensis,Preen,9:08,Silver maple,Acer saccharinum,68,
S12,04/07/2024,8:49,9:09,23,4,3,Thursday,BCCH,Poecile atricapillus,Court,9:08,Silver maple,Acer saccharinum,112,
S12,04/07/2024,8:49,9:09,23,4,3,Thursday,BCCH,Poecile atricapillus,Court,9:08,Silver maple,Acer saccharinum,112,
S12,04/07/2024,8:49,9:09,23,4,3,Thursday,WBNU,Sitta carolinensis,Vocalize,9:08,Silver maple,Acer saccharinum,112,
S12,04/07/2024,8:49,9:09,23,4,3,Thursday,AMRO,Turdus migratorius,Gape,9:09,Ground,NA,NA,
S12,04/07/2024,8:49,9:09,23,4,3,Thursday,EUST,Sturnus vulgaris,Perch,9:09,Silver maple,Acer saccharinum,62,
S12,04/07/2024,8:49,9:09,23,4,3,Thursday,EUST,Sturnus vulgaris,Perch,9:09,Silver maple,Acer saccharinum,62,
S12,04/07/2024,8:49,9:09,23,4,3,Thursday,HOSP,Passer domesticus,Perch,9:09,Silver maple,Acer saccharinum,62,
S12,04/07/2024,8:49,9:09,23,4,3,Thursday,HOSP,Passer domesticus,Perch,9:09,Silver maple,Acer saccharinum,62,
S12,04/07/2024,8:49,9:09,23,4,3,Thursday,BCCH,Poecile atricapillus,Perch,9:09,Silver maple,Acer saccharinum,62,*perched and peering into the cavity that HOSP are nesting in
S12,04/07/2024,8:49,9:09,23,4,3,Thursday,HAWO,Leuconotopicus villosus,Hammer,9:09,Silver maple,Acer saccharinum,68,
S12,04/07/2024,8:49,9:09,23,4,3,Thursday,AMRO,Turdus migratorius,Perch,9:09,Silver maple,Acer saccharinum,68,
S12,04/07/2024,8:49,9:09,23,4,3,Thursday,EUST,Sturnus vulgaris,Preen,9:09,Silver maple,Acer saccharinum,68,
S12,04/07/2024,8:49,9:09,23,4,3,Thursday,NOCA,Cardinalis cardinalis,Perch,9:09,Silver maple,Acer saccharinum,68,
S18,05/07/2024,9:16,9:36,21,4,3,Friday,AMRO ,Turdus migratorius,Peck,9:26,Ground ,NA,NA,"REVI in backyard, WBNU/NOCA/CHSP heard/seen"
S11,08/07/2024,7:27,7:47,22,2,2,Monday,REVI,Vireo olivaceus,Vocalize,7:27,White elm,Ulmus americana,74,BLJA and GREG flyover.
S11,08/07/2024,7:27,7:47,22,2,2,Monday,BCCH,Poecile atricapillus,Perch,7:32,European linden,Tilia × europaea,46,
S11,08/07/2024,7:27,7:47,22,2,2,Monday,WBNU,Sitta carolinensis,Glean,7:33,White elm,Ulmus americana,74,
S11,08/07/2024,7:27,7:47,22,2,2,Monday,WBNU,Sitta carolinensis,Glean,7:34,Silver maple,Acer saccharinum,25,
S11,08/07/2024,7:27,7:47,22,2,2,Monday,AMRO,Turdus migratorius,Stand,7:38,Ground,NA,NA,
S11,08/07/2024,7:27,7:47,22,2,2,Monday,BCCH,Poecile atricapillus,Glean,7:40,White elm,Ulmus americana,74,
S11,08/07/2024,7:27,7:47,22,2,2,Monday,BCCH,Poecile atricapillus,Perch,7:40,European linden,Tilia × europaea,58,
S11,08/07/2024,7:27,7:47,22,2,2,Monday,HOSP,Passer domesticus,Bill wipe,7:43,European linden,Tilia × europaea,58,
S11,08/07/2024,7:27,7:47,22,2,2,Monday,HOSP,Passer domesticus,Perch,7:44,European linden,Tilia × europaea,46,
S11,08/07/2024,7:27,7:47,22,2,2,Monday,HOSP,Passer domesticus,Hop,7:44,Ground,NA,NA,
S11,08/07/2024,7:27,7:47,22,2,2,Monday,AMRO,Turdus migratorius,Carry food,7:45,Ground,NA,NA,
S11,08/07/2024,7:27,7:47,22,2,2,Monday,HOSP,Passer domesticus,Hop,7:46,European linden,Tilia × europaea,58,
S11,08/07/2024,7:27,7:47,22,2,2,Monday,HOSP,Passer domesticus,Hop,7:46,European linden,Tilia × europaea,58,
S11,08/07/2024,7:27,7:47,22,2,2,Monday,HOSP,Passer domesticus,Perch,7:47,European linden,Tilia × europaea,46,
S05,08/07/2024,7:55,8:15,22,2,2,Monday,EUST,Sturnus vulgaris,Gape,7:59,Ground,NA,NA,"HOSP, EUST, CHSW, COGR seen or heard."
S05,08/07/2024,7:55,8:15,22,2,2,Monday,HOSP,Passer domesticus,Preen,8:11,White cedar,Thuja occidentalis,10,
S05,08/07/2024,7:55,8:15,22,2,2,Monday,HOSP,Passer domesticus,Bill wipe,8:11,White cedar,Thuja occidentalis,10,
S05,08/07/2024,7:55,8:15,22,2,2,Monday,HOSP,Passer domesticus,Preen,8:14,White cedar,Thuja occidentalis,10,
S05,08/07/2024,7:55,8:15,22,2,2,Monday,HOSP,Passer domesticus,Perch,8:14,Silver maple,Acer saccharinum,18,
S09,08/07/2024,8:57,9:17,23,2,2,Monday,HOSP,Passer domesticus,Hop,8:57,Ground,NA,NA,"CHSW pair seen flying very low. Construction at end of street. CHSP, CHSW, EUST (loud), MODO, ROPI seen or heard."
S09,08/07/2024,8:57,9:17,23,2,2,Monday,HOSP,Passer domesticus,Hop,8:57,Ground,NA,NA,
S09,08/07/2024,8:57,9:17,23,2,2,Monday,HOSP,Passer domesticus,Vocalize,8:57,Common lilac,Syringa vulgaris,15,
S09,08/07/2024,8:57,9:17,23,2,2,Monday,HOSP,Passer domesticus,Ground forage,8:58,Ground,NA,NA,
S09,08/07/2024,8:57,9:17,23,2,2,Monday,HOSP,Passer domesticus,Ground forage,8:59,Ground,NA,NA,
S09,08/07/2024,8:57,9:17,23,2,2,Monday,HOSP,Passer domesticus,Glean,8:59,Riverbank grape,Vitis riparia,NA,
S09,08/07/2024,8:57,9:17,23,2,2,Monday,HOSP,Passer domesticus,Perch,8:59,Manitoba maple,Acer negundo,32,
S09,08/07/2024,8:57,9:17,23,2,2,Monday,HOSP,Passer domesticus,Perch,8:59,Manitoba maple,Acer negundo,32,
S09,08/07/2024,8:57,9:17,23,2,2,Monday,HOSP,Passer domesticus,Perch,9:01,Common hackberry,Celtis occidentalis,5,
S09,08/07/2024,8:57,9:17,23,2,2,Monday,HOSP,Passer domesticus,Perch,9:02,Common hackberry,Celtis occidentalis,5,
S09,08/07/2024,8:57,9:17,23,2,2,Monday,HOSP,Passer domesticus,Perch,9:02,Common hackberry,Celtis occidentalis,5,
S09,08/07/2024,8:57,9:17,23,2,2,Monday,HOSP,Passer domesticus,Perch,9:02,Common hackberry,Celtis occidentalis,5,
S09,08/07/2024,8:57,9:17,23,2,2,Monday,HOSP,Passer domesticus,Perch,9:02,Common hackberry,Celtis occidentalis,5,
S09,08/07/2024,8:57,9:17,23,2,2,Monday,HOSP,Passer domesticus,Perch,9:02,Common hackberry,Celtis occidentalis,5,
S09,08/07/2024,8:57,9:17,23,2,2,Monday,HOSP,Passer domesticus,Perch,9:02,Manitoba maple,Acer negundo,32,
S09,08/07/2024,8:57,9:17,23,2,2,Monday,HOSP,Passer domesticus,Perch,9:02,Red ash,Fraxinus pennsylvanica,54,
S09,08/07/2024,8:57,9:17,23,2,2,Monday,AMRO,Turdus migratorius,Perch,9:02,Norway maple,Acer platanoides,50,
S09,08/07/2024,8:57,9:17,23,2,2,Monday,AMRO,Turdus migratorius,Perch,9:03,Norway maple,Acer platanoides,50,
S09,08/07/2024,8:57,9:17,23,2,2,Monday,HOSP,Passer domesticus,Glean,9:03,Norway maple,Acer platanoides,50,
S09,08/07/2024,8:57,9:17,23,2,2,Monday,HOSP,Passer domesticus,Glean,9:03,Norway maple,Acer platanoides,50,
S09,08/07/2024,8:57,9:17,23,2,2,Monday,AMRO,Turdus migratorius,Perch,9:04,Red ash,Fraxinus pennsylvanica,54,
S09,08/07/2024,8:57,9:17,23,2,2,Monday,HOSP,Passer domesticus,Bill wipe,9:04,Common lilac,Syringa vulgaris,15,
S09,08/07/2024,8:57,9:17,23,2,2,Monday,HOSP,Passer domesticus,Glean,9:05,Red ash,Fraxinus pennsylvanica,45,
S09,08/07/2024,8:57,9:17,23,2,2,Monday,HOSP,Passer domesticus,Perch,9:05,Paper birch,Betula papyrifera,5,
S09,08/07/2024,8:57,9:17,23,2,2,Monday,HOSP,Passer domesticus,Perch,9:05,Paper birch,Betula papyrifera,5,
S09,08/07/2024,8:57,9:17,23,2,2,Monday,HOSP,Passer domesticus,Perch,9:05,Paper birch,Betula papyrifera,5,
S09,08/07/2024,8:57,9:17,23,2,2,Monday,HOSP,Passer domesticus,Perch,9:05,Paper birch,Betula papyrifera,5,
S09,08/07/2024,8:57,9:17,23,2,2,Monday,HOSP,Passer domesticus,Ground forage,9:06,Ground,NA,NA,
S09,08/07/2024,8:57,9:17,23,2,2,Monday,HOSP,Passer domesticus,Ground forage,9:06,Ground,NA,NA,
S09,08/07/2024,8:57,9:17,23,2,2,Monday,HOSP,Passer domesticus,Ground forage,9:06,Ground,NA,NA,
S09,08/07/2024,8:57,9:17,23,2,2,Monday,HOSP,Passer domesticus,Ground forage,9:06,Ground,NA,NA,
S09,08/07/2024,8:57,9:17,23,2,2,Monday,HOSP,Passer domesticus,Ground forage,9:06,Ground,NA,NA,
S09,08/07/2024,8:57,9:17,23,2,2,Monday,HOSP,Passer domesticus,Ground forage,9:06,Ground,NA,NA,
S09,08/07/2024,8:57,9:17,23,2,2,Monday,HOSP,Passer domesticus,Perch,9:09,Manitoba maple,Acer negundo,32,
S09,08/07/2024,8:57,9:17,23,2,2,Monday,AMRO,Turdus migratorius,Perch,9:10,Red ash,Fraxinus pennsylvanica,54,
S09,08/07/2024,8:57,9:17,23,2,2,Monday,HOSP,Passer domesticus,Vocalize,9:10,Manitoba maple,Acer negundo,32,
S09,08/07/2024,8:57,9:17,23,2,2,Monday,HOSP,Passer domesticus,Vocalize,9:10,Manitoba maple,Acer negundo,32,
S09,08/07/2024,8:57,9:17,23,2,2,Monday,HOSP,Passer domesticus,Glean,9:11,Red ash,Fraxinus pennsylvanica,54,
S09,08/07/2024,8:57,9:17,23,2,2,Monday,AMRO,Turdus migratorius,Hop,9:11,Red ash,Fraxinus pennsylvanica,27,
S09,08/07/2024,8:57,9:17,23,2,2,Monday,HOSP,Passer domesticus,Glean,9:13,Red ash,Fraxinus pennsylvanica,45,
S09,08/07/2024,8:57,9:17,23,2,2,Monday,HOSP,Passer domesticus,Perch,9:14,Red ash,Fraxinus pennsylvanica,27,
S09,08/07/2024,8:57,9:17,23,2,2,Monday,HOSP,Passer domesticus,Perch,9:14,Red ash,Fraxinus pennsylvanica,27,
S09,08/07/2024,8:57,9:17,23,2,2,Monday,HOSP,Passer domesticus,Perch,9:15,Red ash,Fraxinus pennsylvanica,45,
S09,08/07/2024,8:57,9:17,23,2,2,Monday,HOSP,Passer domesticus,Perch,9:15,Red ash,Fraxinus pennsylvanica,45,
S09,08/07/2024,8:57,9:17,23,2,2,Monday,HOSP,Passer domesticus,Perch,9:16,Red ash,Fraxinus pennsylvanica,80,
S09,08/07/2024,8:57,9:17,23,2,2,Monday,HOSP,Passer domesticus,Perch,9:16,Red ash,Fraxinus pennsylvanica,80,
S09,08/07/2024,8:57,9:17,23,2,2,Monday,HOSP,Passer domesticus,Bill wipe,9:16,Red ash,Fraxinus pennsylvanica,45,
S09,08/07/2024,8:57,9:17,23,2,2,Monday,HOSP,Passer domesticus,Perch,9:17,Red ash,Fraxinus pennsylvanica,45,
S09,08/07/2024,8:57,9:17,23,2,2,Monday,HOSP,Passer domesticus,Perch,9:17,Red ash,Fraxinus pennsylvanica,45,
S09,08/07/2024,8:57,9:17,23,2,2,Monday,EUST,Sturnus vulgaris,Perch,9:17,Manitoba maple,Acer negundo,32,
S09,08/07/2024,8:57,9:17,23,2,2,Monday,HOSP,Passer domesticus,Perch,9:17,Red ash,Fraxinus pennsylvanica,27,
S09,08/07/2024,8:57,9:17,23,2,2,Monday,HOSP,Passer domesticus,Perch,9:17,Red ash,Fraxinus pennsylvanica,27,
S04,09/07/2024,6:57,7:17,22,4,2,Tuesday,EUST,Sturnus vulgaris,Perch,6:59,Silver maple,Acer saccharinum,81,"COGR, BCCH (loud), BLJA, ROPI seen or heard."
S04,09/07/2024,6:57,7:17,22,4,2,Tuesday,HOSP,Passer domesticus,Peck,7:01,Ground,NA,NA,
S04,09/07/2024,6:57,7:17,22,4,2,Tuesday,HOSP,Passer domesticus,Ground forage,7:02,Ground,NA,NA,
S04,09/07/2024,6:57,7:17,22,4,2,Tuesday,HOSP,Passer domesticus,Ground forage,7:02,Ground,NA,NA,
S04,09/07/2024,6:57,7:17,22,4,2,Tuesday,EUST,Sturnus vulgaris,Bill wipe,7:05,Silver maple,Acer saccharinum,74,
S04,09/07/2024,6:57,7:17,22,4,2,Tuesday,EUST,Sturnus vulgaris,Vocalize,7:05,Silver maple,Acer saccharinum,74,
S04,09/07/2024,6:57,7:17,22,4,2,Tuesday,EUST,Sturnus vulgaris,Preen,7:05,Silver maple,Acer saccharinum,74,
S04,09/07/2024,6:57,7:17,22,4,2,Tuesday,EUST,Sturnus vulgaris,Vocalize,7:07,Silver maple,Acer saccharinum,74,
S04,09/07/2024,6:57,7:17,22,4,2,Tuesday,HOSP,Passer domesticus,Hop,7:09,Ground,NA,NA,
S04,09/07/2024,6:57,7:17,22,4,2,Tuesday,HOSP,Passer domesticus,Hop,7:09,Ground,NA,NA,
S04,09/07/2024,6:57,7:17,22,4,2,Tuesday,BCCH,Poecile atricapillus,Glean,7:12,Norway maple,Acer platanoides,64,
S04,09/07/2024,6:57,7:17,22,4,2,Tuesday,HOSP,Passer domesticus,Ground forage,7:12,Ground,NA,NA,
S04,09/07/2024,6:57,7:17,22,4,2,Tuesday,HOSP,Passer domesticus,Ground forage,7:16,Ground,NA,NA,
S04,09/07/2024,6:57,7:17,22,4,2,Tuesday,HOSP,Passer domesticus,Ground forage,7:16,Ground,NA,NA,
S04,09/07/2024,6:57,7:17,22,4,2,Tuesday,EUST,Sturnus vulgaris,Perch,7:17,Silver maple,Acer saccharinum,81,
S04,09/07/2024,6:57,7:17,22,4,2,Tuesday,EUST,Sturnus vulgaris,Peck,7:17,Ground,NA,NA,
S17,09/07/2024,7:34,7:54,23,4,2,Tuesday,CHSP,Spizella passerina,Vocalize,7:34,Silver maple,Acer saccharinum,68,"Very quiet overall. NOCA vocalizing loudly, but we were unable to see it in the tree. "
S17,09/07/2024,7:34,7:54,23,4,2,Tuesday,BCCH,Poecile atricapillus,Vocalize,7:36,Silver maple,Acer saccharinum,68,
S17,09/07/2024,7:34,7:54,23,4,2,Tuesday,BCCH,Poecile atricapillus,Glean,7:36,Silver maple,Acer saccharinum,68,
S17,09/07/2024,7:34,7:54,23,4,2,Tuesday,COGR,Quiscalus quiscula,Hop,7:39,Silver maple,Acer saccharinum,61,
S17,09/07/2024,7:34,7:54,23,4,2,Tuesday,COGR,Quiscalus quiscula,Hop,7:39,Silver maple,Acer saccharinum,61,
S17,09/07/2024,7:34,7:54,23,4,2,Tuesday,COGR,Quiscalus quiscula,Vocalize,7:39,Silver maple,Acer saccharinum,61,
S17,09/07/2024,7:34,7:54,23,4,2,Tuesday,COGR,Quiscalus quiscula,Vocalize,7:39,Silver maple,Acer saccharinum,61,
S14,09/07/2024,8:35,8:55,24,4,2,Tuesday,,,,,,,,MERL flyover. House under construction on street.
S15,12/07/2024,8:11,8:31,20,4,1,Friday,HOSP,Passer domesticus,Peck,8:12,Ground,NA,NA,
S15,12/07/2024,8:11,8:31,20,4,1,Friday,HOSP,Passer domesticus,Hop,8:30,Ground,NA,NA,
S15,12/07/2024,8:11,8:31,20,4,1,Friday,HOSP,Passer domesticus,Peck,8:31,Ground,NA,NA,
S12,12/07/2024,8:45,9:05,21,4,1,Friday,AMRO,Turdus migratorius,Perch,8:51,Silver maple,Acer saccharinum,112,"CHSW, CEDW. NOCA, MERL, CHSP, SOSP, AMRO, WBNU"
S12,12/07/2024,8:45,9:05,21,4,1,Friday,HOSP,Passer domesticus,Perch,8:52,Silver maple,Acer saccharinum,61,
S12,12/07/2024,8:45,9:05,21,4,1,Friday,HOSP,Passer domesticus,Perch,8:59,Silver maple,Acer saccharinum,68,
S12,12/07/2024,8:45,9:05,21,4,1,Friday,HOSP,Passer domesticus,Perch,8:59,Silver maple,Acer saccharinum,70,
S12,12/07/2024,8:45,9:05,21,4,1,Friday,HOSP,Passer domesticus,Perch,8:59,Silver maple,Acer saccharinum,70,
S02,12/07/2024,9:49,10:09,22,4,2,Friday,HOSP,Passer domesticus,Peck,9:55,Ground,NA,NA,Horrible smell on the street
S02,12/07/2024,9:49,10:09,22,4,2,Friday,EUST,Sturnus vulgaris,Vocalize,9:51,Silver maple,Acer saccharinum,98,"Heard AMGO, NOFL"
S02,12/07/2024,9:49,10:09,22,4,2,Friday,CHSP,Spizella passerina,Perch,9:51,Red ash,Fraxinus pennsylvanica ,60,
S02,12/07/2024,9:49,10:09,22,4,2,Friday,CHSP,Spizella passerina,Glean,9:51,Red ash,Fraxinus pennsylvanica ,60,
S02,12/07/2024,9:49,10:09,22,4,2,Friday,BCCH,Poecile atricapillus,Glean,9:52,Red ash,Fraxinus pennsylvanica ,60,
S02,12/07/2024,9:49,10:09,22,4,2,Friday,BCCH,Poecile atricapillus,Glean,9:52,Red ash,Fraxinus pennsylvanica ,60,
S02,12/07/2024,9:49,10:09,22,4,2,Friday,COGR,Quiscalus quiscula,Perch,9:53,Red ash,Fraxinus pennsylvanica ,60,
S02,12/07/2024,9:49,10:09,22,4,2,Friday,EUST,Sturnus vulgaris,Perch,9:55,Silver maple,Acer saccharinum,98,
S02,12/07/2024,9:49,10:09,22,4,2,Friday,COGR,Quiscalus quiscula,Perch,9:53,Red ash,Fraxinus pennsylvanica ,49,
S02,12/07/2024,9:49,10:09,22,4,2,Friday,AMRO,Turdus migratorius,Preen,9:58,Red ash,Fraxinus pennsylvanica ,60,
S02,12/07/2024,9:49,10:09,22,4,2,Friday,EUST,Sturnus vulgaris,Perch,10:01,Silver maple,Acer saccharinum,98,
S02,12/07/2024,9:49,10:09,22,4,2,Friday,EUST,Sturnus vulgaris,Perch,10:01,Silver maple,Acer saccharinum,98,
S02,12/07/2024,9:49,10:09,22,4,2,Friday,AMRO,Turdus migratorius,Perch,10:02,Red ash,Fraxinus pennsylvanica ,60,
S02,12/07/2024,9:49,10:09,22,4,2,Friday,COGR,Quiscalus quiscula,Perch,10:02,Red ash,Fraxinus pennsylvanica ,49,
S03,18/07/2024,9:36,9:56,20,2,3,Thursday,,,,,,,,Daycare playing loud music and children outside 
S16,18/07/2024,10:01,10:21,20,1,3,Thursday,,,,,,,,"Heard SOSP, NOCA, MERL, COGR"
S01,18/07/2024,10:35,10:55,21,2,3,Thursday,,,,,,,,"Heard AMRO, NOCA, BCCH, SOSP, HOSP, RBNU"
S21,19/07/2024,8:24,8:44,18,1,2,Friday,REVI,Vireo olivaceus,Vocalize,8:30,Silver maple,Acer saccharinum,68,"House constrution down the street 

Man obnoxiously reving motorcycle

Heard REVI, NOCA, BLJA, AMCR, CHSP, HOSP, SOSP, NOFL"
S19,19/07/2024,8:48,9:08,18,1,2,Friday,AMRO,Turdus migratorius,Vocalize,8:51,Norway maple,Acer platanoides,47,
S19,19/07/2024,8:48,9:08,18,1,2,Friday,AMRO,Turdus migratorius,Preen,8:53,Norway maple,Acer platanoides,47,
S19,19/07/2024,8:48,9:08,18,1,2,Friday,AMRO,Turdus migratorius,Incubate,9:06,River birch,Betula nigra,15,
S20,19/07/2024,9:12,9:32,20,1,2,Friday,CHSP,Spizella passerina,Vocalize,9:14,Norway maple,Acer platanoides,38,
S20,19/07/2024,9:12,9:32,20,1,2,Friday,HOSP,Passer domesticus,Glean,9:16,Norway maple,Acer platanoides,52,
S20,19/07/2024,9:12,9:32,20,1,2,Friday,HOSP,Passer domesticus,Perch,9:17,Norway maple,Acer platanoides,52,
S20,19/07/2024,9:12,9:32,20,1,2,Friday,HOSP,Passer domesticus,Bill wipe,9:17,Norway maple,Acer platanoides,52,
S20,19/07/2024,9:12,9:32,20,1,2,Friday,HOSP,Passer domesticus,Perch,9:23,Norway maple,Acer platanoides,90,
S20,19/07/2024,9:12,9:32,20,1,2,Friday,HOSP,Passer domesticus,Hop,9:31,Norway maple,Acer platanoides,52,
S20,19/07/2024,9:12,9:32,20,1,2,Friday,HOSP,Passer domesticus,Peck,9:32,Ground,NA,NA,
S18,19/07/2024,9:38,9:58,19,1,2,Friday,BCCH,Poecile atricapillus,Perch,9:43,Norway maple,Acer platanoides,76,"Heard AMGO, BCCH, WBNU, NOCA, HOFI, HOSP"
S10,19/07/2024,10:06,10:26,20,1,2,Friday,HOSP,Passer domesticus,Peck,10:07,Ground,NA,NA,
S10,19/07/2024,10:06,10:26,20,1,2,Friday,BLJA,Cyanocitta cristata,Preen,10:11,Silver maple,Acer saccharinum,74,
S10,19/07/2024,10:06,10:26,20,1,2,Friday,BLJA,Cyanocitta cristata,Perch,10:14,Silver maple,Acer saccharinum,74,
S10,19/07/2024,10:06,10:26,20,1,2,Friday,BLJA,Cyanocitta cristata,Beg,10:14,Silver maple,Acer saccharinum,74,
S10,19/07/2024,10:06,10:26,20,1,2,Friday,BLJA,Cyanocitta cristata,Feed young,10:14,Silver maple,Acer saccharinum,74,
S10,19/07/2024,10:06,10:26,20,1,2,Friday,BLJA,Cyanocitta cristata,Perch,10:13,Silver maple,Acer saccharinum,82,
S10,19/07/2024,10:06,10:26,20,1,2,Friday,HOSP,Passer domesticus,Vocalize,10:16,Thornless Honey-Locust,Gleditsia triacanthos var. inermis,51,
S10,19/07/2024,10:06,10:26,20,1,2,Friday,HOSP,Passer domesticus,Vocalize,10:17,Norway maple,Acer platanoides,20,
S10,19/07/2024,10:06,10:26,20,1,2,Friday,HOSP,Passer domesticus,Vocalize,10:17,Norway maple,Acer platanoides,20,
S10,19/07/2024,10:06,10:26,20,1,2,Friday,HOSP,Passer domesticus,Vocalize,10:17,Norway maple,Acer platanoides,20,
S10,19/07/2024,10:06,10:26,20,1,2,Friday,HOSP,Passer domesticus,Perch,10:18,Norway maple,Acer platanoides,35,
S10,19/07/2024,10:06,10:26,20,1,2,Friday,HOSP,Passer domesticus,Perch,10:18,Norway maple,Acer platanoides,35,
S10,19/07/2024,10:06,10:26,20,1,2,Friday,HOSP,Passer domesticus,Perch,10:23,Norway maple,Acer platanoides,35,