Yard Code,Species Code,Species Latin,Sampled area (m) ,Sampled Area (ha),DBH(cm) ,DBH Round,Presence of hedge ,basal,Index,,,,,,,,,,,,,,,,,,,,,,,,
Y1,ACPL,Acer Platanoides,210,0.021,16.2,16,yes,0.020612038,1,,,,,,,,,,,,,,,,,,,,,,,Sum of Sampled Area (ha),Sum of basal
Y1,ACPL,Acer Platanoides,210,0.021,21.3,21,yes,0.035632813,2,,,,,,,,,,,,,,,,,,,,,,Y1,0.483,0.171646028
Y1,ACPL,Acer Platanoides,210,0.021,14,14,yes,0.01539384,3,,,,,,,,,,,,,,,,,,,,,,Y10,0.136,0.129338887
Y1,SYVU,Syringa Vulgaris,210,0.021,15.8,16,yes,0.019606726,23,,,,,,,,,,,,,,,,,,,,,,Y28,0.296,0.750928794
Y1,SYVU,Syngria Vulgaris,210,0.021,15.8,16,yes,0.019606726,24,,,,,,,,,,,,,,,,,,,,,,Y29,0.378,0.31636933
Y2,ACPL,Acer Platanoides,340,0.034,17.5,18,no,0.024052875,25,,,,,,,,,,,,,,,,,,,,,,Y3,0.06,0.03231921
Y2,ACNE,Acer Negundo,340,0.034,35,35,no,0.0962115,26,,,,,,,,,,,,,,,,,,,,,,Y30,0.028,0.024052875
Y2,ACPL,Acer Platanoides,340,0.034,41.1,41,no,0.132670553,27,,,,,,,,,,,,,,,,,,,,,,Y31,0.126,0.381065084
Y2,THOC,Thuja Occidentalis,340,0.034,10.6,11,no,0.008824754,28,,,,,,,,,,,,,,,,,,,,,,,,
Y3,QURO,Quercas Robur,150,0.015,9.2,9,no,0.006647626,29,,,,,,,,,,,,,,,,,,,,,,Y33,0.432,1.947901956
Y3,SYRE,Syringa Reticulata,150,0.015,12.6,13,no,0.01246901,30,,,,,,,,,,,,,,,,,,,,,,Y34,0.036,0.460056689
Y3,PRVI,Prunus Virginiana,150,0.015,11.1,11,no,0.009676913,31,,,,,,,,,,,,,,,,,,,,,,Y35,0.09,0.371823283
Y3,THOC,Thuja Occidentalis,150,0.015,6.7,7,no,0.003525661,32,,,,,,,,,,,,,,,,,,,,,,,,
Y4,ACNE,Acer Negundo,250,0.025,42,42,no,0.13854456,33,,,,,,,,,,,,,,,,,,,,,,Y37,0.024,0.268076655
Y4,ACNE,Acer Negundo,250,0.025,30.6,31,no,0.073541714,34,,,,,,,,,,,,,,,,,,,,,,Y4,0.1,0.217945358
Y4,ACPA,Acer Palmatum,250,0.025,6.4,6,no,0.003216998,35,,,,,,,,,,,,,,,,,,,,,,Y40,1.05,1.653199456
Y4,PHCO,Philadelphus Coronarius,250,0.025,5.8,6,no,0.002642086,36,,,,,,,,,,,,,,,,,,,,,,Y42,0.032,4.218183123
Y5,ACPL,Acer Platanoides,260,0.026,57,57,yes,0.25517646,37,,,,,,,,,,,,,,,,,,,,,,Y43,0.09,0.756344127
Y5,EUAT,Euonymus Atropurpureus,260,0.026,16.4,16,yes,0.021124118,38,,,,,,,,,,,,,,,,,,,,,,Y44,0.054,0.846266144
Y5,ABBA,Abies Balsamea,260,0.026,16.5,17,yes,0.021382515,41,,,,,,,,,,,,,,,,,,,,,,Y47,0.234,0.388366948
Y5,PNST,Pinus Strobus,260,0.026,59.3,59,yes,0.276185125,42,,,,,,,,,,,,,,,,,,,,,,Y48,0.119,0.644137171
Y5,BEPO,Betula Populifolia,260,0.026,24.4,24,yes,0.046759574,43,,,,,,,,,,,,,,,,,,,,,,Y49,0.007,0.340049926
Y5,AMCA,Amelanchier Canadensis,260,0.026,4.6,5,yes,0.001661906,44,,,,,,,,,,,,,,,,,,,,,,Y5,0.234,0.706838009
Y5,ABBA,Abies Balsamea,260,0.026,8.1,8,yes,0.005153009,45,,,,,,,,,,,,,,,,,,,,,,Y50,0.144,1.237559492
Y6,SYVU,Syngria Vulgaris,350,0.035,11.5,12,yes,0.010386915,54,,,,,,,,,,,,,,,,,,,,,,Y59,0.025,0.002123722
Y6,SYVU,Syngria Vulgaris,350,0.035,15.7,16,yes,0.019359325,55,,,,,,,,,,,,,,,,,,,,,,Y6,0.35,0.546793909
Y8,ACPL,Acer Platanoides,160,0.016,26.1,26,yes,0.053502233,56,,,,,,,,,,,,,,,,,,,,,,Y60,0.266,1.846216218
Y8,TICO,TIlia Cordata,160,0.016,8.3,8,yes,0.005410621,57,,,,,,,,,,,,,,,,,,,,,,Y61,0.3,0.306551045
Y8,SYVU,Syringa Vulgaris,160,0.016,35.7,36,yes,0.100098445,58,,,,,,,,,,,,,,,,,,,,,,Y62,0.357,2.275258247
Y9,ACPL,Acer Platanoides,130,0.013,43.1,43,no,0.145896689,62,,,,,,,,,,,,,,,,,,,,,,Y66,0.253,0.967337125
Y9,ACPA,Acer Palmatum,130,0.013,10.6,11,no,0.008824754,63,,,,,,,,,,,,,,,,,,,,,,Y67,0.126,1.538016619
Y9,THOC,Thuja Occidentalis,130,0.013,7.9,8,no,0.004901681,64,,,,,,,,,,,,,,,,,,,,,,,,
Y10,PYCO,Pyrus Communis,340,0.034,16.6,17,no,0.021642482,65,,,,,,,,,,,,,,,,,,,,,,Y69,0.22,1.053013269
Y10,ULAM,Ulmus Americana,340,0.034,33.3,33,no,0.087092221,66,,,,,,,,,,,,,,,,,,,,,,Y70,0.03,0.017203402
Y10,MADO,Malus Domestica,340,0.034,12.5,13,no,0.012271875,67,,,,,,,,,,,,,,,,,,,,,,Y71,0.851,1.023606322
Y10,SYVU,Syringa Vulgaris,340,0.034,10.3,10,no,0.008332309,68,,,,,,,,,,,,,,,,,,,,,,Y72,0.045,0.10259366
Y11,QUAL,Quercus Alba,350,0.035,18.5,19,no,0.026880315,69,,,,,,,,,,,,,,,,,,,,,,Y73,0.231,1.003056331
Y11,PIGL,Picea Glauca,350,0.035,16.2,16,no,0.020612038,70,,,,,,,,,,,,,,,,,,,,,,Y74,0.638,0.620414949
Y11,ABBA,Abies Balsamea,350,0.035,16.7,17,no,0.021904021,71,,,,,,,,,,,,,,,,,,,,,,Y75,0.21,0.313333759
Y11,PRAV,Prunus Pensylvanica,350,0.035,29.8,30,no,0.069746662,73,,,,,,,,,,,,,,,,,,,,,,Y76,0.14,0.078635819
Y11,SADI,Salix Discolor,350,0.035,70,70,no,0.384846,74,,,,,,,,,,,,,,,,,,,,,,Y77,0.026,0.16738759
Y11,LITU,Liriodendron Tulipifera,350,0.035,5.4,5,no,0.002290226,75,,,,,,,,,,,,,,,,,,,,,,Y78,0.222,0.517302139
Y11,BENI,Betula Nigra,350,0.035,4.5,5,no,0.001590435,76,,,,,,,,,,,,,,,,,,,,,,Y79,0.105,0.851252648
Y11,THOC,Thuja Occidentalis,350,0.035,7.1,7,no,0.003959201,77,,,,,,,,,,,,,,,,,,,,,,,,
Y11,THOC,Thuja Occidentalis,350,0.035,5.7,6,no,0.002551765,78,,,,,,,,,,,,,,,,,,,,,,,,
Y11,PIAB,Picea Abies,350,0.035,17.3,17,no,0.023506237,79,,,,,,,,,,,,,,,,,,,,,,Y81,0.924,2.001880142
Y12,AMLA,Amelanchier Laevis,140,0.014,24.8,25,no,0.048305242,80,,,,,,,,,,,,,,,,,,,,,,Y82,0.615,0.546811188
Y12,SYVU,Syringa Vulgaris,140,0.014,21.6,22,no,0.036643622,81,,,,,,,,,,,,,,,,,,,,,,Y83,1.833,0.871583513
Y12,SYVU,Syringa Vulgaris,140,0.014,10.8,11,no,0.009160906,82,,,,,,,,,,,,,,,,,,,,,,Y84,0.104,0.20690342
Y12,SYVU,Syringa Vulgaris,140,0.014,11.5,12,no,0.010386915,83,,,,,,,,,,,,,,,,,,,,,,Y85,0.128,0.2249095
Y12,TACA,Taxus Canadensis,140,0.014,13.9,14,no,0.015174713,84,,,,,,,,,,,,,,,,,,,,,,Y86,0.06,0.150646789
Y12,TACA,Taxus Canadensis,140,0.014,7.3,7,no,0.004185397,85,,,,,,,,,,,,,,,,,,,,,,Y87,0.011,0.379367835
Y12,TACA,Taxus Canadensis,140,0.014,8.2,8,no,0.00528103,86,,,,,,,,,,,,,,,,,,,,,,Y88,0.588,2.130827114
Y12,TACA,Taxus Canadensis,140,0.014,7.2,7,no,0.004071514,87,,,,,,,,,,,,,,,,,,,,,,Y89,0.116,0.910688579
Y12,THOC,Thuja Occidentalis,140,0.014,6.3,6,no,0.003117253,88,,,,,,,,,,,,,,,,,,,,,,,,
Y12,ACPL,Acer Platanoides,140,0.014,25.3,25,no,0.050272669,89,,,,,,,,,,,,,,,,,,,,,,Y90,0.028,0.039267644
Y13,CHNO,Chamaecyparis Nootkatensis,360,0.036,12.1,12,yes,0.011499041,90,,,,,,,,,,,,,,,,,,,,,,Y91,1.521,2.460640921
Y13,RHTY,Rhus Typhina,360,0.036,17.9,18,yes,0.025165001,92,,,,,,,,,,,,,,,,,,,,,,Y93,0.124,0.355223068
Y13,CTCO,Cotinus Coggygria,360,0.036,20.6,21,yes,0.033329234,94,,,,,,,,,,,,,,,,,,,,,,,,
Y13,SYVU,Syngria Vulgaris,360,0.036,5.3,5,yes,0.002206189,99,,,,,,,,,,,,,,,,,,,,,,,,
Y13,LIAM,Linnaea Amabilis,360,0.036,13.8,14,yes,0.014957158,100,,,,,,,,,,,,,,,,,,,,,,,,
Y13,RHTY,Rhus Typhina,360,0.036,7.6,8,yes,0.00453647,101,,,,,,,,,,,,,,,,,,,,,,,,
Y14,ACNE,Acer Negundo,120,0.012,29,29,no,0.06605214,102,,,,,,,,,,,,,,,,,,,,,,,,
Y15,ACSA,Acer Saccharinum,260,0.026,108.2,108,yes,0.91948663,103,,,,,,,,,,,,,,,,,,,,,,,,
Y15,HYPA,Hydrangea Paniculata,260,0.026,11.7,12,yes,0.010751341,104,,,,,,,,,,,,,,,,,,,,,,,,
Y15,SYVU,Syngria Vulgaris,260,0.026,46,46,yes,0.16619064,109,,,,,,,,,,,,,,,,,,,,,,,,
Y16,QUMA,Quercus Macrocarpa,220,0.022,60.6,61,no,0.288427154,110,,,,,,,,,,,,,,,,,,,,,,,,
Y16,ACPL,Acer Platanoides,220,0.022,63.1,63,no,0.312715649,111,,,,,,,,,,,,,,,,,,,,,,,,
Y16,ACFR,Acer Freemannii,220,0.022,71.6,72,no,0.402640022,112,,,,,,,,,,,,,,,,,,,,,,,,
Y16,PIPU,Picea Pungens,220,0.022,43.7,44,no,0.149987053,113,,,,,,,,,,,,,,,,,,,,,,,,
Y17,PIAB,Picea Abies,450,0.045,15.8,16,no,0.019606726,114,,,,,,,,,,,,,,,,,,,,,,,,
Y17,PIAB,Picea Abies,450,0.045,15.6,16,no,0.019113494,115,,,,,,,,,,,,,,,,,,,,,,,,
Y17,PIAB,Picea Abies,450,0.045,24.5,25,no,0.047143635,116,,,,,,,,,,,,,,,,,,,,,,,,
Y17,PIAB,Picea Abies,450,0.045,21.5,22,no,0.036305115,117,,,,,,,,,,,,,,,,,,,,,,,,
Y17,PIAB,Picea Abies,450,0.045,17.2,17,no,0.023235274,118,,,,,,,,,,,,,,,,,,,,,,,,
Y17,ACFR,Acer Freemannii,450,0.045,55.9,56,no,0.245422577,119,,,,,,,,,,,,,,,,,,,,,,,,
Y17,ACPL,Acer Platanoides,450,0.045,35,35,no,0.0962115,120,,,,,,,,,,,,,,,,,,,,,,,,
Y17,ACPL,Acer Platanoides,450,0.045,14.3,14,no,0.016060645,121,,,,,,,,,,,,,,,,,,,,,,,,
Y17,PHCO,Philadelphus Coronarius,450,0.045,11.2,11,no,0.009852058,122,,,,,,,,,,,,,,,,,,,,,,,,
Y18,FRPE,Fraxinus Pennsylvanica,230,0.023,44.9,45,no,0.158337425,123,,,,,,,,,,,,,,,,,,,,,,,,
Y18,ULAM,Ulmus Americana,230,0.023,49,49,no,0.18857454,124,,,,,,,,,,,,,,,,,,,,,,,,
Y18,FRPE,Fraxinus Pennsylvanica,230,0.023,76.2,76,no,0.456037798,125,,,,,,,,,,,,,,,,,,,,,,,,
Y19,PIAB,Picea Abies,410,0.041,41.1,41,no,0.132670553,126,,,,,,,,,,,,,,,,,,,,,,,,
Y19,THOC,Thuja Occidentalis,410,0.041,91.7,92,no,0.660434221,127,,,,,,,,,,,,,,,,,,,,,,,,
Y19,THOC,Thuja Occidentalis,410,0.041,43.9,44,no,0.151363073,128,,,,,,,,,,,,,,,,,,,,,,,,
Y19,MGXXSO,Magnolia x Soulangeana,410,0.041,6.7,7,no,0.003525661,129,,,,,,,,,,,,,,,,,,,,,,,,
Y19,CTCO,Cotinus Coggygria,410,0.041,19.8,20,no,0.030790822,130,,,,,,,,,,,,,,,,,,,,,,,,
Y20,PNST,Pinus Strobus,450,0.045,57.6,58,no,0.26057687,131,,,,,,,,,,,,,,,,,,,,,,,,
Y20,PIRU,Picea Rubens,450,0.045,30.7,31,no,0.074023165,132,,,,,,,,,,,,,,,,,,,,,,,,
Y20,EUAL,Euonymous Alatus,450,0.045,31.3,31,no,0.076944853,133,,,,,,,,,,,,,,,,,,,,,,,,
Y20,THOC,Thuja Occidentalis,450,0.045,33.1,33,no,0.086049209,134,,,,,,,,,,,,,,,,,,,,,,,,
Y20,THOC,Thuja Occidentalis,450,0.045,17,17,no,0.02269806,135,,,,,,,,,,,,,,,,,,,,,,,,
Y21,BEPA,Betula Papyrifera,280,0.028,74.3,74,no,0.433579285,136,,,,,,,,,,,,,,,,,,,,,,,,
Y21,ACPA,Acer Palmatum,280,0.028,5.3,5,no,0.002206189,137,,,,,,,,,,,,,,,,,,,,,,,,
Y22,PIAB,Picea Abies,390,0.039,56.6,57,no,0.251607602,138,,,,,,,,,,,,,,,,,,,,,,,,
Y22,THOC,Thuja Occidentalis,390,0.039,5.2,5,no,0.002123722,139,,,,,,,,,,,,,,,,,,,,,,,,
Y22,THOC,Thuja Occidentalis,390,0.039,7,7,no,0.00384846,140,,,,,,,,,,,,,,,,,,,,,,,,
Y23,BEPA,Betula Papyrifera,270,0.027,69,69,no,0.37392894,141,,,,,,,,,,,,,,,,,,,,,,,,
Y23,ACPA,Acer Palmatum,270,0.027,30.1,30,no,0.071158025,142,,,,,,,,,,,,,,,,,,,,,,,,
Y23,THOC,Thuja Occidentalis,270,0.027,8.3,8,no,0.005410621,143,,,,,,,,,,,,,,,,,,,,,,,,
Y23,THOC,Thuja Occidentalis,270,0.027,17.6,18,no,0.02432855,144,,,,,,,,,,,,,,,,,,,,,,,,
Y23,PIRU,Picea Rubens,270,0.027,19.1,19,no,0.028652177,145,,,,,,,,,,,,,,,,,,,,,,,,
Y24,CAAR,"Caragana Arborescens ""pendula""",270,0.027,6.35,6,yes,0.003166929,146,,,,,,,,,,,,,,,,,,,,,,,,
Y24,CTCO,"Cotinus ""Royal Purple""",270,0.027,5.1,5,yes,0.002042825,147,,,,,,,,,,,,,,,,,,,,,,,,
Y24,ACRU,Acer Rubrum,270,0.027,40.6,41,yes,0.129462194,151,,,,,,,,,,,,,,,,,,,,,,,,
Y24,ACRU,Acer Rubrum,270,0.027,33,33,yes,0.08553006,152,,,,,,,,,,,,,,,,,,,,,,,,
Y24,PRPA,Prunus Padus,270,0.027,12.7,13,yes,0.012667717,153,,,,,,,,,,,,,,,,,,,,,,,,
Y24,ACRU,Acer Rubrum,270,0.027,53.3,53,yes,0.223123501,157,,,,,,,,,,,,,,,,,,,,,,,,
Y24,ACSA,Acer Saccharinum,270,0.027,21.6,22,yes,0.036643622,161,,,,,,,,,,,,,,,,,,,,,,,,
Y24,ACSA,Acer Saccharinum,270,0.027,61,61,yes,0.29224734,162,,,,,,,,,,,,,,,,,,,,,,,,
Y24,ACSA,Acer Saccharinum,270,0.027,30.5,31,yes,0.073061835,163,,,,,,,,,,,,,,,,,,,,,,,,
Y24,PIAB,Picea Abies,270,0.027,66,66,yes,0.34212024,164,,,,,,,,,,,,,,,,,,,,,,,,
Y24,PRVISC,Prunus Virginiana 'Schubert',270,0.027,12.7,13,yes,0.012667717,165,,,,,,,,,,,,,,,,,,,,,,,,
Y25,SYRE,Syringa Reticulata,290,0.029,10.5,11,no,0.008659035,168,,,,,,,,,,,,,,,,,,,,,,,,
Y25,ACNE,Acer Negundo,290,0.029,13.4,13,no,0.014102642,169,,,,,,,,,,,,,,,,,,,,,,,,
Y25,CEOC,Celtis Occidentalis,290,0.029,8,8,no,0.00502656,170,,,,,,,,,,,,,,,,,,,,,,,,
Y26,THOC,Thuja Occidentalis,140,0.014,55.3,55,no,0.240182389,171,,,,,,,,,,,,,,,,,,,,,,,,
Y26,THOC,Thuja Occidentalis,140,0.014,17.8,18,no,0.024884614,172,,,,,,,,,,,,,,,,,,,,,,,,
Y27,PRCR,Prunus Cerasus 'Montmorency',250,0.025,22.8,23,no,0.040828234,173,,,,,,,,,,,,,,,,,,,,,,,,
Y27,SYVU,Syringa Vulgaris,250,0.025,7.5,8,no,0.004417875,174,,,,,,,,,,,,,,,,,,,,,,,,
Y27,PIPU,Picea Pungens,250,0.025,31.2,31,no,0.076453978,175,,,,,,,,,,,,,,,,,,,,,,,,
Y27,PIPU,Picea Pungens,250,0.025,54.4,54,no,0.232428134,176,,,,,,,,,,,,,,,,,,,,,,,,
Y27,AMCA,Amelanchier Canadensis,250,0.025,23.2,23,no,0.04227337,177,,,,,,,,,,,,,,,,,,,,,,,,
Y28,ACPL,Acer Platanoides,370,0.037,30.8,31,no,0.074506186,178,,,,,,,,,,,,,,,,,,,,,,,,
Y28,ACPL,Acer Platanoides,370,0.037,31.4,31,no,0.077437298,179,,,,,,,,,,,,,,,,,,,,,,,,
Y28,PIGL,Picea Glauca,370,0.037,35,35,no,0.0962115,180,,,,,,,,,,,,,,,,,,,,,,,,
Y28,ACPL,Acer Platanoides,370,0.037,14,14,no,0.01539384,181,,,,,,,,,,,,,,,,,,,,,,,,
Y28,ACPL,Acer Platanoides,370,0.037,32.2,32,no,0.081433414,182,,,,,,,,,,,,,,,,,,,,,,,,
Y28,FRAM,Fraxinus Americana,370,0.037,62.1,62,no,0.302882441,183,,,,,,,,,,,,,,,,,,,,,,,,
Y28,ACSA,Acer Saccharinum,370,0.037,32.3,32,no,0.081939997,184,,,,,,,,,,,,,,,,,,,,,,,,
Y28,TACA,Taxus Canadensis,370,0.037,16.4,16,no,0.021124118,185,,,,,,,,,,,,,,,,,,,,,,,,
Y29,PIRU,Picea Rubens,420,0.042,57.1,57,yes,0.256072601,186,,,,,,,,,,,,,,,,,,,,,,,,
Y29,RHTY,Rhus Typhina,420,0.042,7.6,8,yes,0.00453647,187,,,,,,,,,,,,,,,,,,,,,,,,
Y29,JUCO,Juniperus Communis,420,0.042,7.7,8,yes,0.004656637,189,,,,,,,,,,,,,,,,,,,,,,,,
Y29,MGXXSN,Magnolia x Sunsation ,420,0.042,16.7,17,yes,0.021904021,190,,,,,,,,,,,,,,,,,,,,,,,,
Y29,TACA,Taxus Canadensis,420,0.042,6.4,6,yes,0.003216998,193,,,,,,,,,,,,,,,,,,,,,,,,
Y29,TACA,Taxus Canadensis,420,0.042,6.5,7,yes,0.003318315,194,,,,,,,,,,,,,,,,,,,,,,,,
Y30,MOAL,Morus Alba,280,0.028,17.5,18,no,0.024052875,195,,,,,,,,,,,,,,,,,,,,,,,,
Y31,ACPL,Acer Platanoides,210,0.021,40.4,40,no,0.128189846,196,,,,,,,,,,,,,,,,,,,,,,,,
Y31,ACPL,Acer Platanoides,210,0.021,17.4,17,no,0.02377877,197,,,,,,,,,,,,,,,,,,,,,,,,
Y31,ACPL,Acer Platanoides,210,0.021,7.3,7,no,0.004185397,198,,,,,,,,,,,,,,,,,,,,,,,,
Y31,ACPL,Acer Platanoides,210,0.021,30.7,31,no,0.074023165,199,,,,,,,,,,,,,,,,,,,,,,,,
Y31,ACPL,Acer Platanoides,210,0.021,17,17,no,0.02269806,200,,,,,,,,,,,,,,,,,,,,,,,,
Y31,ACPL,Acer Platanoides,210,0.021,40.4,40,no,0.128189846,201,,,,,,,,,,,,,,,,,,,,,,,,
Y32,MASY,Malus Sylvestris,230,0.023,36.4,36,yes,0.104062358,202,,,,,,,,,,,,,,,,,,,,,,,,
Y32,SYVU,Syringa Vulgaris,230,0.023,13.8,14,yes,0.014957158,203,,,,,,,,,,,,,,,,,,,,,,,,
Y33,SYRE,Syringa Reticulata,360,0.036,20.1,20,yes,0.031730945,209,,,,,,,,,,,,,,,,,,,,,,,,
Y33,ACSC,Acer Saccharum,360,0.036,53.2,53,yes,0.22228705,210,,,,,,,,,,,,,,,,,,,,,,,,
Y33,ACSA,Acer Saccharinum,360,0.036,58.9,59,yes,0.272471753,211,,,,,,,,,,,,,,,,,,,,,,,,
Y33,ACSA,Acer Saccharinum,360,0.036,62.1,62,yes,0.302882441,212,,,,,,,,,,,,,,,,,,,,,,,,
Y33,ACSA,Acer Saccharinum,360,0.036,84.7,85,yes,0.563453029,213,,,,,,,,,,,,,,,,,,,,,,,,
Y33,PIPU,Picea Pungens,360,0.036,16.6,17,yes,0.021642482,214,,,,,,,,,,,,,,,,,,,,,,,,
Y33,ACPL,Acer Platanoides,360,0.036,59.2,59,yes,0.275254426,215,,,,,,,,,,,,,,,,,,,,,,,,
Y33,PIPU,Picea Pungens,360,0.036,48.3,48,yes,0.183225181,216,,,,,,,,,,,,,,,,,,,,,,,,
Y33,TACA,Taxus Canadensis,360,0.036,20.4,20,yes,0.032685206,220,,,,,,,,,,,,,,,,,,,,,,,,
Y34,ACSA,Acer Saccharinum,120,0.012,74.2,74,no,0.432412966,221,,,,,,,,,,,,,,,,,,,,,,,,
Y34,THOC,Thuja Occidentalis,120,0.012,12.6,13,no,0.01246901,222,,,,,,,,,,,,,,,,,,,,,,,,
Y34,THOC,Thuja Occidentalis,120,0.012,13.9,14,no,0.015174713,223,,,,,,,,,,,,,,,,,,,,,,,,
Y35,PIAB,Picea Abies,180,0.018,33.4,33,no,0.087616082,224,,,,,,,,,,,,,,,,,,,,,,,,
Y35,ACPL,Acer Platanoides,180,0.018,51.9,52,no,0.211556129,225,,,,,,,,,,,,,,,,,,,,,,,,
Y35,ACNE,Acer Negundo,180,0.018,28.6,29,no,0.064242578,226,,,,,,,,,,,,,,,,,,,,,,,,
Y35,JURE,Juglans Regia,180,0.018,5.9,6,no,0.002733977,227,,,,,,,,,,,,,,,,,,,,,,,,
Y35,EUAL,Euonymous Alatus,180,0.018,8.5,9,no,0.005674515,228,,,,,,,,,,,,,,,,,,,,,,,,
Y36,PIRU,Picea Rubens,260,0.026,28.7,29,no,0.064692613,229,,,,,,,,,,,,,,,,,,,,,,,,
Y36,FRPE,Fraxinus Pennsylvanica,260,0.026,70.7,71,no,0.392581405,230,,,,,,,,,,,,,,,,,,,,,,,,
Y36,FRPE,Fraxinus Pennsylvanica,260,0.026,55,55,no,0.2375835,231,,,,,,,,,,,,,,,,,,,,,,,,
Y36,AMGR,Amelanchier x Grandiflora,260,0.026,5.5,6,no,0.002375835,232,,,,,,,,,,,,,,,,,,,,,,,,
Y37,ACNE,Acer Negundo,120,0.012,57.9,58,no,0.263298281,233,,,,,,,,,,,,,,,,,,,,,,,,
Y37,TACA,Taxus Canadensis,120,0.012,7.8,8,no,0.004778374,234,,,,,,,,,,,,,,,,,,,,,,,,
Y40,ULPU,Ulmus Pumila,350,0.035,68.8,69,yes,0.371764378,235,,,,,,,,,,,,,,,,,,,,,,,,
Y40,ACPL,Acer Platanoides,350,0.035,32.6,33,yes,0.08346917,236,,,,,,,,,,,,,,,,,,,,,,,,
Y40,PIGL,Picea Glauca,350,0.035,44.8,45,yes,0.157632922,239,,,,,,,,,,,,,,,,,,,,,,,,
Y40,PIRU,Picea Rubens,350,0.035,45,45,yes,0.1590435,240,,,,,,,,,,,,,,,,,,,,,,,,
Y40,SYRE,Syringa Reticulata,350,0.035,17.6,18,yes,0.02432855,241,,,,,,,,,,,,,,,,,,,,,,,,
Y40,MASY,Malus Sylvestris,350,0.035,35.3,35,yes,0.097867909,242,,,,,,,,,,,,,,,,,,,,,,,,
Y40,CEOC,Celtis Occidentalis,350,0.035,9.1,9,yes,0.006503897,243,,,,,,,,,,,,,,,,,,,,,,,,
Y40,FRAM,Fraxinus Americana,350,0.035,60.4,60,yes,0.286526486,244,,,,,,,,,,,,,,,,,,,,,,,,
Y40,PIPU,Picea Pungens,350,0.035,26.8,27,yes,0.05641057,245,,,,,,,,,,,,,,,,,,,,,,,,
Y40,TACA,Taxus Canadensis,350,0.035,18.2,18,yes,0.02601559,246,,,,,,,,,,,,,,,,,,,,,,,,
Y40,AMCA,Canadian Serviceberry,350,0.035,16.1,16,yes,0.020358353,250,,,,,,,,,,,,,,,,,,,,,,,,
Y42,ACSA,Acer Saccharinum,160,0.016,231.6,232,no,4.212772502,265,,,,,,,,,,,,,,,,,,,,,,,,
Y42,ROPS,Robinia Pseudoacacia,160,0.016,8.3,8,no,0.005410621,266,,,,,,,,,,,,,,,,,,,,,,,,
Y43,ULAM,Ulmus Americana,300,0.03,55.7,56,no,0.243669565,267,,,,,,,,,,,,,,,,,,,,,,,,
Y43,PIGL,Picea Glauca,300,0.03,43,43,no,0.14522046,268,,,,,,,,,,,,,,,,,,,,,,,,
Y43,ULPU,Ulmus Pumila,300,0.03,68.4,68,no,0.367454102,269,,,,,,,,,,,,,,,,,,,,,,,,
Y44,QUBI,Quercus Bicolor,180,0.018,103.5,104,no,0.841340115,270,,,,,,,,,,,,,,,,,,,,,,,,
Y44,TACA,Taxus Canadensis,180,0.018,5.6,6,no,0.002463014,271,,,,,,,,,,,,,,,,,,,,,,,,
Y44,PIRU,Picea Rubens,180,0.018,5.6,6,no,0.002463014,272,,,,,,,,,,,,,,,,,,,,,,,,
Y45,ACPL,Acer Platanoides,110,0.011,81.6,82,no,0.522963302,273,,,,,,,,,,,,,,,,,,,,,,,,
Y45,ACPL,Acer Platanoides,110,0.011,151.2,151,no,1.795537498,274,,,,,,,,,,,,,,,,,,,,,,,,
Y45,LOXY,Lonicera Xylosteum,110,0.011,25.5,26,no,0.051070635,275,,,,,,,,,,,,,,,,,,,,,,,,
Y45,ACPL,Acer Platanoides,110,0.011,47.8,48,no,0.179451334,276,,,,,,,,,,,,,,,,,,,,,,,,
Y46,PIRU,Picea Rubens,700,0.07,44.3,44,yes,0.154133965,277,,,,,,,,,,,,,,,,,,,,,,,,
Y46,FRPE,Fraxinus Pennsylvanica,700,0.07,7.8,8,yes,0.004778374,278,,,,,,,,,,,,,,,,,,,,,,,,
Y46,ACPL,Acer Platanoides,700,0.07,28.6,29,yes,0.064242578,279,,,,,,,,,,,,,,,,,,,,,,,,
Y46,ACPL,Acer Platanoides,700,0.07,17.5,18,yes,0.024052875,280,,,,,,,,,,,,,,,,,,,,,,,,
Y46,ACPL,Acer Platanoides,700,0.07,5.5,6,yes,0.002375835,281,,,,,,,,,,,,,,,,,,,,,,,,
Y46,ACNE,Acer Negundo,700,0.07,52.2,52,yes,0.214008934,282,,,,,,,,,,,,,,,,,,,,,,,,
Y46,ACPL,Acer Platanoides,700,0.07,7.6,8,yes,0.00453647,283,,,,,,,,,,,,,,,,,,,,,,,,
Y46,ACPL,Acer Platanoides,700,0.07,5,5,yes,0.0019635,284,,,,,,,,,,,,,,,,,,,,,,,,
Y46,ACPL,Acer Platanoides,700,0.07,7.3,7,yes,0.004185397,285,,,,,,,,,,,,,,,,,,,,,,,,
Y46,ACPL,Acer Platanoides,700,0.07,6.8,7,yes,0.00363169,286,,,,,,,,,,,,,,,,,,,,,,,,
Y46,ACPL,Acer Platanoides,700,0.07,29.5,30,yes,0.068349435,287,,,,,,,,,,,,,,,,,,,,,,,,
Y46,ACPL,Acer Platanoides,700,0.07,7.6,8,yes,0.00453647,288,,,,,,,,,,,,,,,,,,,,,,,,
Y46,ACPL,Acer Platanoides,700,0.07,14.8,15,yes,0.017203402,289,,,,,,,,,,,,,,,,,,,,,,,,
Y46,ULXXFR,Ulmus 'Frontier',700,0.07,44.1,44,yes,0.152745377,290,,,,,,,,,,,,,,,,,,,,,,,,
Y46,ACPL,Acer Platanoides,700,0.07,144,144,yes,1.62860544,291,,,,,,,,,,,,,,,,,,,,,,,,
Y46,ACPA,Acer Palmatum,700,0.07,7.5,8,yes,0.004417875,316,,,,,,,,,,,,,,,,,,,,,,,,
Y46,JUVI,Juniperus Virginiana,700,0.07,4.5,5,yes,0.001590435,317,,,,,,,,,,,,,,,,,,,,,,,,
Y46,ABBA,Abies Balsamea,700,0.07,5.2,5,yes,0.002123722,318,,,,,,,,,,,,,,,,,,,,,,,,
Y47,MADO,Malus Domestica,180,0.018,27.3,27,yes,0.058535077,319,,,,,,,,,,,,,,,,,,,,,,,,
Y47,MADO,Malus Domestica,180,0.018,39.3,39,yes,0.121304245,320,,,,,,,,,,,,,,,,,,,,,,,,
Y48,ACNE,Acer Negundo,170,0.017,41.6,42,no,0.135918182,332,,,,,,,,,,,,,,,,,,,,,,,,
Y48,ACNE,Acer Negundo,170,0.017,35.8,36,no,0.100660006,333,,,,,,,,,,,,,,,,,,,,,,,,
Y48,ACNE,Acer Negundo,170,0.017,41.7,42,no,0.136572421,334,,,,,,,,,,,,,,,,,,,,,,,,
Y48,TIAM,Tilia Americana,170,0.017,14.6,15,no,0.016741586,335,,,,,,,,,,,,,,,,,,,,,,,,
Y48,SYVU,Syringa Vulgaris,170,0.017,45.2,45,no,0.160460362,336,,,,,,,,,,,,,,,,,,,,,,,,
Y48,SYVU,Syringa Vulgaris,170,0.017,33.9,34,no,0.090258953,337,,,,,,,,,,,,,,,,,,,,,,,,
Y48,SYVU,Syringa Vulgaris,170,0.017,6.7,7,no,0.003525661,338,,,,,,,,,,,,,,,,,,,,,,,,
Y49,SYVU,Syringa Vulgaris,70,0.007,65.8,66,no,0.340049926,339,,,,,,,,,,,,,,,,,,,,,,,,
Y50,CACO,Carya Cordiformis,180,0.018,103.5,104,no,0.841340115,340,,,,,,,,,,,,,,,,,,,,,,,,
Y50,CACO,Carya Cordiformis,180,0.018,66.9,67,no,0.351514409,341,,,,,,,,,,,,,,,,,,,,,,,,
Y50,THOC,Thuja Occidentalis,180,0.018,13.9,14,no,0.015174713,342,,,,,,,,,,,,,,,,,,,,,,,,
Y50,THOC,Thuja Occidentalis,180,0.018,7.3,7,no,0.004185397,343,,,,,,,,,,,,,,,,,,,,,,,,
Y50,HYPA,Hydrangea Paniculata,180,0.018,5.3,5,no,0.002206189,344,,,,,,,,,,,,,,,,,,,,,,,,
Y50,ACGI,Acer Ginnala,180,0.018,12.9,13,no,0.013069841,345,,,,,,,,,,,,,,,,,,,,,,,,
Y50,CEOC,Celtis Occidentalis,180,0.018,9.2,9,no,0.006647626,346,,,,,,,,,,,,,,,,,,,,,,,,
Y50,CEOC,Celtis Occidentalis,180,0.018,6.6,7,no,0.003421202,347,,,,,,,,,,,,,,,,,,,,,,,,
Y51,THOC,Thuja Occidentalis,140,0.014,18,18,no,0.02544696,348,,,,,,,,,,,,,,,,,,,,,,,,
Y51,TACA,Taxus Canadensis,140,0.014,8.7,9,no,0.005944693,349,,,,,,,,,,,,,,,,,,,,,,,,
Y51,TACA,Taxus Canadensis,140,0.014,7.3,7,no,0.004185397,350,,,,,,,,,,,,,,,,,,,,,,,,
Y51,TACA,Taxus Canadensis,140,0.014,10.1,10,no,0.008011865,351,,,,,,,,,,,,,,,,,,,,,,,,
Y51,TACA,Taxus Canadensis,140,0.014,8.3,8,no,0.005410621,352,,,,,,,,,,,,,,,,,,,,,,,,
Y51,TACA,Taxus Canadensis,140,0.014,5.1,5,no,0.002042825,353,,,,,,,,,,,,,,,,,,,,,,,,
Y51,ACPA,Acer Palmatum,140,0.014,15.4,15,no,0.018626546,354,,,,,,,,,,,,,,,,,,,,,,,,
Y52,PIAB,Picea Abies,310,0.031,49.3,49,no,0.190890685,355,,,,,,,,,,,,,,,,,,,,,,,,
Y52,PNST,Pinus Strobus,310,0.031,30.9,31,no,0.074990777,356,,,,,,,,,,,,,,,,,,,,,,,,
Y53,ACPL,Acer Platanoides,320,0.032,9.9,10,no,0.007697705,357,,,,,,,,,,,,,,,,,,,,,,,,
Y53,SYVU,Syringa Vulgaris,320,0.032,4.9,5,no,0.001885745,358,,,,,,,,,,,,,,,,,,,,,,,,
Y54,FAGR,Fagus Grandifolia ,470,0.047,83.8,84,no,0.551542438,359,,,,,,,,,,,,,,,,,,,,,,,,
Y54,SYVU,Syringa Vulgaris,470,0.047,22.4,22,no,0.03940823,360,,,,,,,,,,,,,,,,,,,,,,,,
Y54,SYVU,Syringa Vulgaris,470,0.047,19.6,20,no,0.030171926,361,,,,,,,,,,,,,,,,,,,,,,,,
Y54,CTCO,Cotinus Coggygria,470,0.047,23.6,24,no,0.043743638,362,,,,,,,,,,,,,,,,,,,,,,,,
Y54,CTCO,Cotinus Coggygria,470,0.047,18.4,18,no,0.026590502,363,,,,,,,,,,,,,,,,,,,,,,,,
Y54,RHCA,Rhamnus Cathartica,470,0.047,5.2,5,no,0.002123722,364,,,,,,,,,,,,,,,,,,,,,,,,
Y54,PIRU,Picea Rubens,470,0.047,16.8,17,no,0.02216713,365,,,,,,,,,,,,,,,,,,,,,,,,
Y54,PIMA,Picea Mariana,470,0.047,18.8,19,no,0.027759178,366,,,,,,,,,,,,,,,,,,,,,,,,
Y54,PIAB,Picea Abies,470,0.047,20.9,21,no,0.034307057,367,,,,,,,,,,,,,,,,,,,,,,,,
Y54,BEAL,Betula Alleghaniensis,470,0.047,40.3,40,no,0.127556029,368,,,,,,,,,,,,,,,,,,,,,,,,
Y54,BEAL,Betula Alleghaniensis,470,0.047,35.4,35,no,0.098423186,369,,,,,,,,,,,,,,,,,,,,,,,,
Y54,EUAL,Euonymous Alatus,470,0.047,11.3,11,no,0.010028773,370,,,,,,,,,,,,,,,,,,,,,,,,
Y54,EUAL,Euonymous Alatus,470,0.047,32.3,32,no,0.081939997,371,,,,,,,,,,,,,,,,,,,,,,,,
Y54,VILE,VIburnum Lentago,470,0.047,32.6,33,no,0.08346917,372,,,,,,,,,,,,,,,,,,,,,,,,
Y54,SYVU,Syringa Vulgaris,470,0.047,30.4,30,no,0.072583526,373,,,,,,,,,,,,,,,,,,,,,,,,
Y54,SOAU,Sorbus Aucuparia,470,0.047,15.7,16,no,0.019359325,374,,,,,,,,,,,,,,,,,,,,,,,,
Y54,WEFL,Weigela Florida,470,0.047,12.4,12,no,0.01207631,375,,,,,,,,,,,,,,,,,,,,,,,,
Y54,THOC,Thuja Occidentalis,470,0.047,13.7,14,no,0.014741173,376,,,,,,,,,,,,,,,,,,,,,,,,
Y54,SYVU,Syngria Vulgaris,470,0.047,40.1,40,no,0.126293105,377,,,,,,,,,,,,,,,,,,,,,,,,
Y54,MOAL,Morus Alba,470,0.047,5.1,5,no,0.002042825,378,,,,,,,,,,,,,,,,,,,,,,,,
Y54,TACA,Taxus Canadensis,470,0.047,18.4,18,no,0.026590502,379,,,,,,,,,,,,,,,,,,,,,,,,
Y55,FASY,Fagus Sylvatica,200,0.02,22,22,no,0.03801336,380,,,,,,,,,,,,,,,,,,,,,,,,
Y55,PRVISC,Prunus Virginiana 'Schubert',200,0.02,21.6,22,no,0.036643622,381,,,,,,,,,,,,,,,,,,,,,,,,
Y55,PNST,Pinus Strobus,200,0.02,20.4,20,no,0.032685206,382,,,,,,,,,,,,,,,,,,,,,,,,
Y55,LALA,Larix Laricina,200,0.02,7.4,7,no,0.00430085,383,,,,,,,,,,,,,,,,,,,,,,,,
Y55,THOC,Thuja Occidentalis,200,0.02,5.7,6,no,0.002551765,384,,,,,,,,,,,,,,,,,,,,,,,,
Y55,TACA,Taxus Canadensis,200,0.02,8.5,9,no,0.005674515,385,,,,,,,,,,,,,,,,,,,,,,,,
Y55,TSCA,Tsuga Canadensis,200,0.02,20.6,21,no,0.033329234,386,,,,,,,,,,,,,,,,,,,,,,,,
Y56,TIAM,Tilia Americana,70,0.007,45.3,45,no,0.161171149,387,,,,,,,,,,,,,,,,,,,,,,,,
Y56,ACNE,Acer Negundo,70,0.007,22.5,23,no,0.039760875,388,,,,,,,,,,,,,,,,,,,,,,,,
Y56,ACPL,Acer Platanoides,70,0.007,45,45,no,0.1590435,389,,,,,,,,,,,,,,,,,,,,,,,,
Y57,MGXXSO,Magnolia x Soulangeana,170,0.017,7.4,7,no,0.00430085,390,,,,,,,,,,,,,,,,,,,,,,,,
Y57,SYVU,Syngria Vulgaris,170,0.017,39.5,40,no,0.122542035,391,,,,,,,,,,,,,,,,,,,,,,,,
Y57,PRAV,Prunus Pensylvanica,170,0.017,7.9,8,no,0.004901681,392,,,,,,,,,,,,,,,,,,,,,,,,
Y58,ACPL,Acer Platanoides,160,0.016,100.3,100,no,0.790119469,393,,,,,,,,,,,,,,,,,,,,,,,,
Y58,SYVU,Syngria Vulgaris,160,0.016,41.4,41,no,0.134614418,394,,,,,,,,,,,,,,,,,,,,,,,,
Y58,LOXY,Lonicera Xylosteum,160,0.016,14.1,14,no,0.015614537,395,,,,,,,,,,,,,,,,,,,,,,,,
Y58,LOXY,Lonicera Xylosteum,160,0.016,6.6,7,no,0.003421202,396,,,,,,,,,,,,,,,,,,,,,,,,
Y59,ACGI,Acer Ginnala,250,0.025,5.2,5,no,0.002123722,397,,,,,,,,,,,,,,,,,,,,,,,,
Y60,MABA,Malus Baccata,190,0.019,92.3,92,yes,0.669105037,398,,,,,,,,,,,,,,,,,,,,,,,,
Y60,TACA,Taxus Canadensis,190,0.019,15.9,16,yes,0.019855697,399,,,,,,,,,,,,,,,,,,,,,,,,
Y60,SYVU,Syringa Vulgaris,190,0.019,33.4,33,yes,0.087616082,410,,,,,,,,,,,,,,,,,,,,,,,,
Y60,AEHI,Aesculus Hippocastanu,190,0.019,79.2,79,yes,0.492653146,411,,,,,,,,,,,,,,,,,,,,,,,,
Y61,MABA,Malus Baccata,250,0.025,7.9,8,yes,0.004901681,412,,,,,,,,,,,,,,,,,,,,,,,,
Y61,PRCR,Prunus Cerasus,250,0.025,5.3,5,yes,0.002206189,413,,,,,,,,,,,,,,,,,,,,,,,,
Y61,MOAL,Morus Alba,250,0.025,7.7,8,yes,0.004656637,414,,,,,,,,,,,,,,,,,,,,,,,,
Y61,SANI,Sambucus Nigra,250,0.025,5.1,5,yes,0.002042825,415,,,,,,,,,,,,,,,,,,,,,,,,
Y61,WEFL,Weigela Florida,250,0.025,19.3,19,yes,0.029255365,416,,,,,,,,,,,,,,,,,,,,,,,,
Y61,EUAL,Euonymous Alatus,250,0.025,14.6,15,yes,0.016741586,422,,,,,,,,,,,,,,,,,,,,,,,,
Y61,EUAL,Euonymous Alatus,250,0.025,15.6,16,yes,0.019113494,423,,,,,,,,,,,,,,,,,,,,,,,,
Y62,ACPA,Acer Palmatum,210,0.021,8.4,8,no,0.005541782,424,,,,,,,,,,,,,,,,,,,,,,,,
Y62,ACPA,Acer Palmatum,210,0.021,6.3,6,no,0.003117253,425,,,,,,,,,,,,,,,,,,,,,,,,
Y62,ACPL,Acer Platanoides,210,0.021,19.7,20,no,0.030480589,426,,,,,,,,,,,,,,,,,,,,,,,,
Y62,ACNE,Acer Negundo,210,0.021,35.6,36,no,0.099538454,427,,,,,,,,,,,,,,,,,,,,,,,,
Y62,ACPL,Acer Platanoides,210,0.021,105.1,105,no,0.867553625,428,,,,,,,,,,,,,,,,,,,,,,,,
Y62,RHCA,Rhamnus Cathartica,210,0.021,5.3,5,no,0.002206189,429,,,,,,,,,,,,,,,,,,,,,,,,
Y62,ACPL,Acer Platanoides,210,0.021,15.6,16,no,0.019113494,430,,,,,,,,,,,,,,,,,,,,,,,,
Y62,ACPL,Acer Platanoides,210,0.021,5.1,5,no,0.002042825,431,,,,,,,,,,,,,,,,,,,,,,,,
Y62,ACPL,Acer Platanoides,210,0.021,78.8,79,no,0.487689418,432,,,,,,,,,,,,,,,,,,,,,,,,
Y62,ULAM,Ulmus Americana,210,0.021,12.9,13,no,0.013069841,433,,,,,,,,,,,,,,,,,,,,,,,,
Y62,ACNE,Acer Negundo,210,0.021,65.9,66,no,0.341084297,434,,,,,,,,,,,,,,,,,,,,,,,,
Y62,ACNE,Acer Negundo,210,0.021,33.8,34,no,0.089727238,435,,,,,,,,,,,,,,,,,,,,,,,,
Y62,ACNE,Acer Negundo,210,0.021,53.4,53,no,0.223961522,436,,,,,,,,,,,,,,,,,,,,,,,,
Y62,SYVU,Syringa Vulgaris,210,0.021,17.8,18,no,0.024884614,437,,,,,,,,,,,,,,,,,,,,,,,,
Y62,SYVU,Syringa Vulgaris,210,0.021,12.3,12,no,0.011882317,438,,,,,,,,,,,,,,,,,,,,,,,,
Y62,SYVU,Syringa Vulgaris,210,0.021,24.5,25,no,0.047143635,439,,,,,,,,,,,,,,,,,,,,,,,,
Y62,ACPA,Acer Palmatum,210,0.021,8.9,9,no,0.006221153,440,,,,,,,,,,,,,,,,,,,,,,,,
Y63,ACPL,Acer Platanoides,100,0.01,19.7,20,yes,0.030480589,441,,,,,,,,,,,,,,,,,,,,,,,,
Y63,PRSE,Prunus Serotina,100,0.01,45.4,45,yes,0.161883506,442,,,,,,,,,,,,,,,,,,,,,,,,
Y64,PIGL,Picea Glauca,340,0.034,13.7,14,no,0.014741173,447,,,,,,,,,,,,,,,,,,,,,,,,
Y64,TACA,Taxus Canadensis,340,0.034,56.8,57,no,0.25338889,448,,,,,,,,,,,,,,,,,,,,,,,,
Y64,SYVU,Syringa Vulgaris,340,0.034,8.5,9,no,0.005674515,449,,,,,,,,,,,,,,,,,,,,,,,,
Y64,PIGL,Picea Glauca,340,0.034,7.7,8,no,0.004656637,450,,,,,,,,,,,,,,,,,,,,,,,,
Y65,ACPL,Acer Platanoides,160,0.016,27,27,yes,0.05725566,461,,,,,,,,,,,,,,,,,,,,,,,,
Y65,LOXY,Lonicera Xylosteum,160,0.016,67,67,yes,0.35256606,462,,,,,,,,,,,,,,,,,,,,,,,,
Y65,EUAL,Euonymous Alatus,160,0.016,15.2,15,yes,0.018145882,463,,,,,,,,,,,,,,,,,,,,,,,,
Y65,SYVU,Syringa Vulgaris,160,0.016,63.4,63,yes,0.315696242,464,,,,,,,,,,,,,,,,,,,,,,,,
Y65,VILACO,Vitis Labrusca 'Concord',160,0.016,6.1,6,yes,0.002922473,465,,,,,,,,,,,,,,,,,,,,,,,,
Y65,PYCO,Pyrus Communis,160,0.016,19.2,19,yes,0.028952986,466,,,,,,,,,,,,,,,,,,,,,,,,
Y66,SOTO,Sorbus Torminalis,230,0.023,28.2,28,no,0.06245815,467,,,,,,,,,,,,,,,,,,,,,,,,
Y66,PIPU,Picea Pungens,230,0.023,36.9,37,no,0.106940849,468,,,,,,,,,,,,,,,,,,,,,,,,
Y66,CTCO,Cotinus Coggygria,230,0.023,40.2,40,no,0.126923782,469,,,,,,,,,,,,,,,,,,,,,,,,
Y66,PRSE,Prunus Serotina,230,0.023,8.2,8,no,0.00528103,470,,,,,,,,,,,,,,,,,,,,,,,,
Y66,PRVI,Prunus Virginiana,230,0.023,5.7,6,no,0.002551765,471,,,,,,,,,,,,,,,,,,,,,,,,
Y66,ACFR,Acer Freemannii,230,0.023,6.6,7,no,0.003421202,472,,,,,,,,,,,,,,,,,,,,,,,,
Y66,SYRE,Syringa Reticulata,230,0.023,15.8,16,no,0.019606726,473,,,,,,,,,,,,,,,,,,,,,,,,
Y66,SYRE,Syringa Reticulata,230,0.023,59.9,60,no,0.281802305,474,,,,,,,,,,,,,,,,,,,,,,,,
Y66,SYRE,Syringa Reticulata,230,0.023,39.6,40,no,0.123163286,475,,,,,,,,,,,,,,,,,,,,,,,,
Y66,SYRE,Syringa Reticulata,230,0.023,52.3,52,no,0.214829677,476,,,,,,,,,,,,,,,,,,,,,,,,
Y66,SYRE,Syringa Reticulata,230,0.023,16.1,16,no,0.020358353,477,,,,,,,,,,,,,,,,,,,,,,,,
Y67,PODE,Populus Deltoides,140,0.014,133.4,133,yes,1.397663282,478,,,,,,,,,,,,,,,,,,,,,,,,
Y67,CEOC,Celtis Occidentalis,140,0.014,12.2,12,yes,0.011689894,479,,,,,,,,,,,,,,,,,,,,,,,,
Y67,CEOC,Celtis Occidentalis,140,0.014,5.1,5,yes,0.002042825,484,,,,,,,,,,,,,,,,,,,,,,,,
Y67,SYVU,Syringa Vulgaris,140,0.014,17.4,17,yes,0.02377877,485,,,,,,,,,,,,,,,,,,,,,,,,
Y67,LOXY,Lonicera Xylosteum,140,0.014,25.6,26,yes,0.051471974,486,,,,,,,,,,,,,,,,,,,,,,,,
Y68,SYVU,Syringa Vulgaris,150,0.015,18.3,18,no,0.026302261,487,,,,,,,,,,,,,,,,,,,,,,,,
Y68,THOC,Thuja Occidentalis,150,0.015,26.4,26,no,0.054739238,488,,,,,,,,,,,,,,,,,,,,,,,,
Y69,ACNE,Acer Negundo,200,0.02,81.2,81,no,0.517848778,489,,,,,,,,,,,,,,,,,,,,,,,,
Y69,ACNE,Acer Negundo,200,0.02,27.8,28,no,0.060698854,490,,,,,,,,,,,,,,,,,,,,,,,,
Y69,ACNE,Acer Negundo,200,0.02,27.8,28,no,0.060698854,491,,,,,,,,,,,,,,,,,,,,,,,,
Y69,CTCO,Cotinus Coggygria,200,0.02,8.2,8,no,0.00528103,492,,,,,,,,,,,,,,,,,,,,,,,,
Y69,RHCA,Rhamnus Cathartica,200,0.02,18.2,18,no,0.02601559,493,,,,,,,,,,,,,,,,,,,,,,,,
Y69,SYVU,Syringa Vulgaris,200,0.02,56.3,56,no,0.248947453,494,,,,,,,,,,,,,,,,,,,,,,,,
Y69,ULAM,Ulmus Americana,200,0.02,16.6,17,no,0.021642482,495,,,,,,,,,,,,,,,,,,,,,,,,
Y69,ULAM,Ulmus Americana,200,0.02,14.4,14,no,0.016286054,496,,,,,,,,,,,,,,,,,,,,,,,,
Y69,ULAM,Ulmus Americana,200,0.02,26.7,27,no,0.055990381,497,,,,,,,,,,,,,,,,,,,,,,,,
Y69,RHCA,Rhamnus Cathartica,200,0.02,16.8,17,no,0.02216713,498,,,,,,,,,,,,,,,,,,,,,,,,
Y69,LIAM,Linnaea Amabilis,200,0.02,14.9,15,no,0.017436665,499,,,,,,,,,,,,,,,,,,,,,,,,
Y70,COFL,Cornus Florida,150,0.015,4.8,5,no,0.001809562,500,,,,,,,,,,,,,,,,,,,,,,,,
Y70,MABA,Malus Baccata,150,0.015,14,14,no,0.01539384,501,,,,,,,,,,,,,,,,,,,,,,,,
Y71,ACPL,Acer Platanoides,370,0.037,27.6,28,yes,0.05982863,502,,,,,,,,,,,,,,,,,,,,,,,,
Y71,ACPL,Acer Platanoides,370,0.037,16.2,16,yes,0.020612038,503,,,,,,,,,,,,,,,,,,,,,,,,
Y71,ACPL,Acer Platanoides,370,0.037,13.7,14,yes,0.014741173,507,,,,,,,,,,,,,,,,,,,,,,,,
Y71,ACPL,Acer Platanoides,370,0.037,40.1,40,yes,0.126293105,508,,,,,,,,,,,,,,,,,,,,,,,,
Y71,ACPL,Acer Platanoides,370,0.037,4.8,5,yes,0.001809562,512,,,,,,,,,,,,,,,,,,,,,,,,
Y71,ACPL,Acer Platanoides,370,0.037,6,6,yes,0.00282744,514,,,,,,,,,,,,,,,,,,,,,,,,
Y71,ACPL,Acer Platanoides,370,0.037,51.1,51,yes,0.205084433,515,,,,,,,,,,,,,,,,,,,,,,,,
Y71,ACPL,Acer Platanoides,370,0.037,44.6,45,yes,0.156228626,516,,,,,,,,,,,,,,,,,,,,,,,,
Y71,PRVI,Prunus Virginiana,370,0.037,8.4,8,yes,0.005541782,518,,,,,,,,,,,,,,,,,,,,,,,,
Y71,FRPR,Fraxinus Profunda,370,0.037,4.8,5,yes,0.001809562,519,,,,,,,,,,,,,,,,,,,,,,,,
Y71,PIGL,Picea Glauca,370,0.037,24,24,yes,0.04523904,523,,,,,,,,,,,,,,,,,,,,,,,,
Y72,CTCO,Cotinus Coggygria,150,0.015,18.5,19,no,0.026880315,525,,,,,,,,,,,,,,,,,,,,,,,,
Y72,EUAL,Euonymous Alatus,150,0.015,21.5,22,no,0.036305115,526,,,,,,,,,,,,,,,,,,,,,,,,
Y72,EUAL,Euonymous Alatus,150,0.015,22.4,22,no,0.03940823,527,,,,,,,,,,,,,,,,,,,,,,,,
Y73,TIAM,Tilia Americana,210,0.021,4.9,5,no,0.001885745,528,,,,,,,,,,,,,,,,,,,,,,,,
Y73,TIAM,Tilia Americana,210,0.021,11,11,no,0.00950334,529,,,,,,,,,,,,,,,,,,,,,,,,
Y73,ACSA,Acer Saccharinum,210,0.021,79,79,no,0.49016814,530,,,,,,,,,,,,,,,,,,,,,,,,
Y73,EUAL,Euonymous Alatus,210,0.021,4.8,5,no,0.001809562,531,,,,,,,,,,,,,,,,,,,,,,,,
Y73,PRCO,Prunus Communis,210,0.021,8.6,9,no,0.005808818,532,,,,,,,,,,,,,,,,,,,,,,,,
Y73,THOC,Thuja Occidentalis,210,0.021,13.8,14,no,0.014957158,533,,,,,,,,,,,,,,,,,,,,,,,,
Y73,THOC,Thuja Occidentalis,210,0.021,10.9,11,no,0.009331337,534,,,,,,,,,,,,,,,,,,,,,,,,
Y73,TACA,Taxus Canadensis,210,0.021,21.6,22,no,0.036643622,535,,,,,,,,,,,,,,,,,,,,,,,,
Y73,TACA,Taxus Canadensis,210,0.021,27.4,27,no,0.05896469,536,,,,,,,,,,,,,,,,,,,,,,,,
Y73,TACA,Taxus Canadensis,210,0.021,56.3,56,no,0.248947453,537,,,,,,,,,,,,,,,,,,,,,,,,
Y73,TACA,Taxus Canadensis,210,0.021,39.9,40,no,0.125036465,538,,,,,,,,,,,,,,,,,,,,,,,,
Y74,QUMA,Quercus Macrocarpa,220,0.022,10.8,11,yes,0.009160906,539,,,,,,,,,,,,,,,,,,,,,,,,
Y74,RHCA,Rhamnus Cathartica,220,0.022,32.7,33,yes,0.083982037,540,,,,,,,,,,,,,,,,,,,,,,,,
Y74,RHCA,Rhamnus Cathartica,220,0.022,5,5,yes,0.0019635,541,,,,,,,,,,,,,,,,,,,,,,,,
Y74,PIAB,Picea Abies,220,0.022,4.6,5,yes,0.001661906,542,,,,,,,,,,,,,,,,,,,,,,,,
Y74,PYCO,Pyrus Communis,220,0.022,30.5,31,yes,0.073061835,543,,,,,,,,,,,,,,,,,,,,,,,,
Y74,PYCO,Pyrus Communis,220,0.022,29.5,30,yes,0.068349435,544,,,,,,,,,,,,,,,,,,,,,,,,
Y74,ACTA,Acer Tataricum,220,0.022,18.6,19,yes,0.027171698,554,,,,,,,,,,,,,,,,,,,,,,,,
Y74,MAXXLO,"Malus ""Louisa""",220,0.022,8.4,8,yes,0.005541782,567,,,,,,,,,,,,,,,,,,,,,,,,
Y75,CTSP,Catalpa Speciosa,350,0.035,32.5,33,no,0.082957875,568,,,,,,,,,,,,,,,,,,,,,,,,
Y75,SYVU,Syngria Vulgaris,350,0.035,31.1,31,no,0.075964673,569,,,,,,,,,,,,,,,,,,,,,,,,
Y75,PHVI,Philadelphus Virginalis,350,0.035,23.4,23,no,0.043005362,570,,,,,,,,,,,,,,,,,,,,,,,,
Y75,SYVU,Syngria Vulgaris,350,0.035,17.3,17,no,0.023506237,571,,,,,,,,,,,,,,,,,,,,,,,,
Y75,TACA,Taxus Canadensis,350,0.035,30.1,30,no,0.071158025,572,,,,,,,,,,,,,,,,,,,,,,,,
Y75,TACA,Taxus Canadensis,350,0.035,14.6,15,no,0.016741586,573,,,,,,,,,,,,,,,,,,,,,,,,
Y76,THOC,Thuja Occidentalis,200,0.02,17.7,18,no,0.024605797,574,,,,,,,,,,,,,,,,,,,,,,,,
Y76,ABBA,Abies Balsamea,200,0.02,7.2,7,no,0.004071514,575,,,,,,,,,,,,,,,,,,,,,,,,
Y76,ABBA,Abies Balsamea,200,0.02,8,8,no,0.00502656,576,,,,,,,,,,,,,,,,,,,,,,,,
Y76,THOC,Thuja Occidentalis,200,0.02,7,7,no,0.00384846,577,,,,,,,,,,,,,,,,,,,,,,,,
Y76,ABBA,Abies Balsamea,200,0.02,4.8,5,no,0.001809562,578,,,,,,,,,,,,,,,,,,,,,,,,
Y76,ABBA,Abies Balsamea,200,0.02,8.7,9,no,0.005944693,579,,,,,,,,,,,,,,,,,,,,,,,,
Y76,SOAU,Sorbus Aucuparia,200,0.02,20.6,21,no,0.033329234,580,,,,,,,,,,,,,,,,,,,,,,,,
Y77,PNNI,Pinus Nigra 'Austrian',130,0.013,43,43,no,0.14522046,581,,,,,,,,,,,,,,,,,,,,,,,,
Y77,HYPA,Hydrangea Paniculata,130,0.013,16.8,17,no,0.02216713,582,,,,,,,,,,,,,,,,,,,,,,,,
Y78,GLTR,Gleditsia Triacanthos,370,0.037,7.1,7,no,0.003959201,583,,,,,,,,,,,,,,,,,,,,,,,,
Y78,PRAV,Prunus Avium,370,0.037,60.4,60,no,0.286526486,584,,,,,,,,,,,,,,,,,,,,,,,,
Y78,AMCA,Amelanchier Canadensis,370,0.037,25.5,26,no,0.051070635,585,,,,,,,,,,,,,,,,,,,,,,,,
Y78,AMCA,Amelanchier Canadensis,370,0.037,30.5,31,no,0.073061835,586,,,,,,,,,,,,,,,,,,,,,,,,
Y78,AMCA,Amelanchier Canadensis,370,0.037,23,23,no,0.04154766,587,,,,,,,,,,,,,,,,,,,,,,,,
Y78,AMCA,Amelanchier Canadensis,370,0.037,27.9,28,no,0.061136321,588,,,,,,,,,,,,,,,,,,,,,,,,
Y79,ACSA,Acer Saccharinum,350,0.035,103.9,104,no,0.847855793,589,,,,,,,,,,,,,,,,,,,,,,,,
Y79,THOC,Thuja Occidentalis,350,0.035,4.6,5,no,0.001661906,590,,,,,,,,,,,,,,,,,,,,,,,,
Y79,THOC,Thuja Occidentalis,350,0.035,4.7,5,no,0.001734949,591,,,,,,,,,,,,,,,,,,,,,,,,
Y80,LOXY,Lonicera Xylosteum,220,0.022,18.8,19,yes,0.027759178,592,,,,,,,,,,,,,,,,,,,,,,,,
Y80,ULXXFR,Ulmus 'Frontier',220,0.022,16.2,16,yes,0.020612038,593,,,,,,,,,,,,,,,,,,,,,,,,
Y80,ULXXFR,Ulmus 'Frontier',220,0.022,41,41,yes,0.13202574,594,,,,,,,,,,,,,,,,,,,,,,,,
Y80,SYVU,Syngria Vulgaris,220,0.022,35.7,36,yes,0.100098445,595,,,,,,,,,,,,,,,,,,,,,,,,
Y81,ACSA,Acer Saccharinum,330,0.033,135.2,135,yes,1.435635802,605,,,,,,,,,,,,,,,,,,,,,,,,
Y81,EUAL,Euonymous Alatus,330,0.033,19.5,20,yes,0.029864835,606,,,,,,,,,,,,,,,,,,,,,,,,
Y81,EUAL,Euonymous Alatus,330,0.033,21.4,21,yes,0.035968178,607,,,,,,,,,,,,,,,,,,,,,,,,
Y81,MGXXSU,Magnolia 'Susan',330,0.033,29.5,30,yes,0.068349435,608,,,,,,,,,,,,,,,,,,,,,,,,
Y81,MGXXSU,Magnolia 'Susan',330,0.033,16.6,17,yes,0.021642482,609,,,,,,,,,,,,,,,,,,,,,,,,
Y81,TACA,Taxus Canadensis,330,0.033,12.8,13,yes,0.012867994,610,,,,,,,,,,,,,,,,,,,,,,,,
Y81,PIAB,Picea Abies,330,0.033,5.2,5,yes,0.002123722,611,,,,,,,,,,,,,,,,,,,,,,,,
Y81,CTCO,Cotinus Coggygria,330,0.033,30,30,yes,0.070686,612,,,,,,,,,,,,,,,,,,,,,,,,
Y81,TACA,Taxus Canadensis,330,0.033,11.4,11,yes,0.010207058,614,,,,,,,,,,,,,,,,,,,,,,,,
Y81,ACPA,Acer Palmatum,330,0.033,35.9,36,yes,0.101223137,615,,,,,,,,,,,,,,,,,,,,,,,,
Y81,CHNO,Chamaecyparis Nootkatensis,330,0.033,11.6,12,yes,0.010568342,616,,,,,,,,,,,,,,,,,,,,,,,,
Y81,ACPA,Acer Palmatum,330,0.033,7.1,7,yes,0.003959201,617,,,,,,,,,,,,,,,,,,,,,,,,
Y81,ACPA,Acer Palmatum,330,0.033,8.4,8,yes,0.005541782,618,,,,,,,,,,,,,,,,,,,,,,,,
Y81,SYRE,Syringa Reticulata,330,0.033,36.4,36,yes,0.104062358,619,,,,,,,,,,,,,,,,,,,,,,,,
Y81,CHPI,Chamaecyparis Pisifera,330,0.033,4.4,4,yes,0.001520534,623,,,,,,,,,,,,,,,,,,,,,,,,
Y81,TACA,Taxus Canadensis,330,0.033,4.8,5,yes,0.001809562,624,,,,,,,,,,,,,,,,,,,,,,,,
Y81,GIBI,Gingko Biloba,330,0.033,22.7,23,yes,0.040470877,630,,,,,,,,,,,,,,,,,,,,,,,,
Y82,PRVI,Prunus Virginiana,410,0.041,4.6,5,no,0.001661906,631,,,,,,,,,,,,,,,,,,,,,,,,
Y82,LYCH,Lycium Chinese,410,0.041,29,29,no,0.06605214,632,,,,,,,,,,,,,,,,,,,,,,,,
Y82,ROWO,Rosa Woodsii,410,0.041,12.1,12,no,0.011499041,633,,,,,,,,,,,,,,,,,,,,,,,,
Y82,ROWO,Rosa Woodsii,410,0.041,15.4,15,no,0.018626546,634,,,,,,,,,,,,,,,,,,,,,,,,
Y82,LOMA,Lonicera Maackii,410,0.041,29.1,29,no,0.066508457,635,,,,,,,,,,,,,,,,,,,,,,,,
Y82,RHCA,Rhamnus Cathartica,410,0.041,30.7,31,no,0.074023165,636,,,,,,,,,,,,,,,,,,,,,,,,
Y82,SYVU,Syringa Vulgaris,410,0.041,20,20,no,0.031416,637,,,,,,,,,,,,,,,,,,,,,,,,
Y82,SYVU,Syringa Vulgaris,410,0.041,7.5,8,no,0.004417875,638,,,,,,,,,,,,,,,,,,,,,,,,
Y82,SYVU,Syringa Vulgaris,410,0.041,9.9,10,no,0.007697705,639,,,,,,,,,,,,,,,,,,,,,,,,
Y82,SYVU,Syringa Vulgaris,410,0.041,9.5,10,no,0.007088235,640,,,,,,,,,,,,,,,,,,,,,,,,
Y82,PRVI,Prunus Virginiana,410,0.041,10.5,11,no,0.008659035,641,,,,,,,,,,,,,,,,,,,,,,,,
Y82,MABA,Malus Baccata,410,0.041,39.8,40,no,0.124410502,642,,,,,,,,,,,,,,,,,,,,,,,,
Y82,MABA,Malus Baccata,410,0.041,33.2,33,no,0.08656993,643,,,,,,,,,,,,,,,,,,,,,,,,
Y82,HYQU,Hydrangea Quercifolia,410,0.041,9.7,10,no,0.007389829,644,,,,,,,,,,,,,,,,,,,,,,,,
Y82,EUAL,Euonymous Alatus,410,0.041,19.8,20,no,0.030790822,645,,,,,,,,,,,,,,,,,,,,,,,,
Y83,CTCO,Cotinus Coggygria,390,0.039,28.5,29,yes,0.063794115,682,,,,,,,,,,,,,,,,,,,,,,,,
Y83,EUAL,Euonymous Alatus,390,0.039,18.2,18,yes,0.02601559,684,,,,,,,,,,,,,,,,,,,,,,,,
Y83,EUAL,Euonymous Alatus,390,0.039,11.1,11,yes,0.009676913,685,,,,,,,,,,,,,,,,,,,,,,,,
Y83,EUAL,Euonymous Alatus,390,0.039,19,19,yes,0.02835294,686,,,,,,,,,,,,,,,,,,,,,,,,
Y83,EUAL,Euonymous Alatus,390,0.039,15.8,16,yes,0.019606726,687,,,,,,,,,,,,,,,,,,,,,,,,
Y83,EUAL,Euonymous Alatus,390,0.039,21,21,yes,0.03463614,688,,,,,,,,,,,,,,,,,,,,,,,,
Y83,EUAL,Euonymous Alatus,390,0.039,26.7,27,yes,0.055990381,689,,,,,,,,,,,,,,,,,,,,,,,,
Y83,CAAR,"Caragana Arborescens ""pendula""",390,0.039,6.1,6,yes,0.002922473,690,,,,,,,,,,,,,,,,,,,,,,,,
Y83,EUAT,Euonymus Atropurpureus,390,0.039,14,14,yes,0.01539384,691,,,,,,,,,,,,,,,,,,,,,,,,
Y83,EUAT,Euonymus Atropurpureus,390,0.039,15.2,15,yes,0.018145882,692,,,,,,,,,,,,,,,,,,,,,,,,
Y84,PYCO,Pyrus Communis,130,0.013,35.8,36,yes,0.100660006,699,,,,,,,,,,,,,,,,,,,,,,,,
Y84,JUCO,Juniperus Communis,130,0.013,19.8,20,yes,0.030790822,700,,,,,,,,,,,,,,,,,,,,,,,,
Y85,PRVI,Prunus Virginiana,160,0.016,36.4,36,no,0.104062358,701,,,,,,,,,,,,,,,,,,,,,,,,
Y85,PIPU,Picea Pungens,160,0.016,18.6,19,no,0.027171698,702,,,,,,,,,,,,,,,,,,,,,,,,
Y85,SYVU,Syngria Vulgaris,160,0.016,5.1,5,no,0.002042825,703,,,,,,,,,,,,,,,,,,,,,,,,
Y85,LATA,Lonicera Tatarica ,160,0.016,18,18,no,0.02544696,704,,,,,,,,,,,,,,,,,,,,,,,,
Y85,PRVI,Prunus Virginiana,160,0.016,17,17,no,0.02269806,705,,,,,,,,,,,,,,,,,,,,,,,,
Y85,COFL,Cornus Florida,160,0.016,10.1,10,no,0.008011865,706,,,,,,,,,,,,,,,,,,,,,,,,
Y85,SYVU,Syringa Vulgaris,160,0.016,18,18,no,0.02544696,707,,,,,,,,,,,,,,,,,,,,,,,,
Y85,PRAV,Prunus Avium,160,0.016,11.3,11,no,0.010028773,708,,,,,,,,,,,,,,,,,,,,,,,,
Y86,MABA,Malus Baccata (cultivar?),120,0.012,18.8,19,no,0.027759178,709,,,,,,,,,,,,,,,,,,,,,,,,
Y86,SYVU,Syngria Vulgaris,120,0.012,32.8,33,no,0.084496474,710,,,,,,,,,,,,,,,,,,,,,,,,
Y86,CECA,Cercis Canadensis,120,0.012,5.1,5,no,0.002042825,711,,,,,,,,,,,,,,,,,,,,,,,,
Y86,ABBA,Abies Balsamea,120,0.012,14.6,15,no,0.016741586,712,,,,,,,,,,,,,,,,,,,,,,,,
Y86,ACPL,Acer Platanoides,120,0.012,15.8,16,no,0.019606726,713,,,,,,,,,,,,,,,,,,,,,,,,
Y87,SYVU,Syngria Vulgaris,110,0.011,69.5,70,no,0.379367835,714,,,,,,,,,,,,,,,,,,,,,,,,
Y88,MGXXSO,Magnolia x Soulangeana,420,0.042,55.3,55,no,0.240182389,715,,,,,,,,,,,,,,,,,,,,,,,,
Y88,MGXXSO,Magnolia x Soulangeana,420,0.042,96,96,no,0.72382464,716,,,,,,,,,,,,,,,,,,,,,,,,
Y88,ACPL,Acer Platanoides,420,0.042,7.8,8,no,0.004778374,717,,,,,,,,,,,,,,,,,,,,,,,,
Y88,ULAM,Ulmus Americana,420,0.042,7.4,7,no,0.00430085,718,,,,,,,,,,,,,,,,,,,,,,,,
Y88,FRAM,Fraxinus Americana,420,0.042,27.5,28,no,0.059395875,719,,,,,,,,,,,,,,,,,,,,,,,,
Y88,ULAM,Ulmus Americana,420,0.042,12.5,13,no,0.012271875,720,,,,,,,,,,,,,,,,,,,,,,,,
Y88,EUAT,Euonymus Atropurpureus,420,0.042,9.9,10,no,0.007697705,721,,,,,,,,,,,,,,,,,,,,,,,,
Y88,ULAM,Ulmus Americana,420,0.042,8.1,8,no,0.005153009,722,,,,,,,,,,,,,,,,,,,,,,,,
Y88,THOC,Thuja Occidentalis,420,0.042,7,7,no,0.00384846,723,,,,,,,,,,,,,,,,,,,,,,,,
Y88,BEPA,Betula Papyrifera,420,0.042,84.5,85,no,0.560795235,724,,,,,,,,,,,,,,,,,,,,,,,,
Y88,ACPL,Acer Platanoides,420,0.042,5.4,5,no,0.002290226,725,,,,,,,,,,,,,,,,,,,,,,,,
Y88,ACPA,Acer Palmatum,420,0.042,46.1,46,no,0.166913993,726,,,,,,,,,,,,,,,,,,,,,,,,
Y88,ACPA,Acer Palmatum,420,0.042,65,65,no,0.3318315,727,,,,,,,,,,,,,,,,,,,,,,,,
Y88,JUCO,Juniperus Communis,420,0.042,9.8,10,no,0.007542982,728,,,,,,,,,,,,,,,,,,,,,,,,
Y89,SYVU,Syngria Vulgaris,290,0.029,29.3,29,no,0.067425805,729,,,,,,,,,,,,,,,,,,,,,,,,
Y89,ULAM,Ulmus Americana,290,0.029,103.4,103,no,0.839715122,730,,,,,,,,,,,,,,,,,,,,,,,,
Y89,JUSC,Juniperus Scopulorum,290,0.029,4.9,5,no,0.001885745,731,,,,,,,,,,,,,,,,,,,,,,,,
Y89,JUSC,Juniperus Scopulorum,290,0.029,4.6,5,no,0.001661906,732,,,,,,,,,,,,,,,,,,,,,,,,
Y90,TACA,Taxus Canadensis,140,0.014,13.4,13,no,0.014102642,733,,,,,,,,,,,,,,,,,,,,,,,,
Y90,TACA,Taxus Canadensis,140,0.014,17.9,18,no,0.025165001,734,,,,,,,,,,,,,,,,,,,,,,,,
Y91,PIPU,Picea Pungens,390,0.039,30.1,30,yes,0.071158025,773,,,,,,,,,,,,,,,,,,,,,,,,
Y92,ROPS,Robinia Pseudoacacia,340,0.034,4.5,5,no,0.001590435,774,,,,,,,,,,,,,,,,,,,,,,,,
Y92,CEJA,Cercidiphyllum Japonicum,340,0.034,5.3,5,no,0.002206189,775,,,,,,,,,,,,,,,,,,,,,,,,
Y92,PIPU,Picea Pungens,340,0.034,6.7,7,no,0.003525661,776,,,,,,,,,,,,,,,,,,,,,,,,
Y92,PIPU,Picea Pungens,340,0.034,5.4,5,no,0.002290226,777,,,,,,,,,,,,,,,,,,,,,,,,
Y93,PIPU,Picea Pungens,310,0.031,41.7,42,no,0.136572421,778,,,,,,,,,,,,,,,,,,,,,,,,
Y93,PIPU,Picea Pungens,310,0.031,27.7,28,no,0.060262957,779,,,,,,,,,,,,,,,,,,,,,,,,
Y93,PIPU,Picea Pungens,310,0.031,36.4,36,no,0.104062358,780,,,,,,,,,,,,,,,,,,,,,,,,
Y93,PIPU,Picea Pungens,310,0.031,26.3,26,no,0.054325333,781,,,,,,,,,,,,,,,,,,,,,,,,
